SMILES,molecule_chembl_id,IC50
COc1cc2c(Oc3ccc(Nc4ccc(C(C)(C)C)cc4)cc3)ccnc2cc1OCCNCCO,CHEMBL352308,10000.0
CCN(CC)C/C=C/c1nc(O)c2c(ccc3nc(Nc4c(Cl)cccc4Cl)n(C)c32)c1C,CHEMBL281957,100000.0
COc1cc2nccc(Oc3ccc(NC(=O)Nc4ccc(F)cc4F)c(F)c3)c2cc1OC,CHEMBL178455,10000.0
COc1cc2nccc(Oc3ccc(NC(=S)NC(=O)Cc4ccccc4)cc3F)c2cc1OC,CHEMBL404881,121.0
CSc1cc2nccc(Oc3ccc(NC(=S)NC(=O)Cc4ccccc4)cc3F)c2s1,CHEMBL256920,130.0
CC(O)c1cc2nccc(Oc3ccc(NC(=S)NC(=O)Cc4ccccc4)cc3F)c2s1,CHEMBL256715,132.0
O=C(Cc1ccccc1)NC(=S)Nc1ccc(Oc2ccnc3ccsc23)c(F)c1,CHEMBL257802,116.0
O=C(Cc1ccccc1)NC(=S)Nc1ccc(Oc2ccnc3cc(C(=O)c4ccco4)sc23)c(F)c1,CHEMBL257546,130.0
COC(=O)c1cc2nccc(Oc3ccc(NC(=S)NC(=O)Cc4ccccc4)cc3F)c2s1,CHEMBL256972,113.0
CN1CCN(C(=O)c2cc3nccc(Oc4ccc(NC(=S)NC(=O)Cc5ccccc5)cc4F)c3s2)CC1,CHEMBL254761,193.0
O=C(Cc1ccccc1)NC(=S)Nc1ccc(Oc2ccnc3cc(C(=O)N4CCCC4)sc23)c(F)c1,CHEMBL254964,54.0
O=C(Cc1ccccc1)NC(=S)Nc1ccc(Oc2ccnc3cc(C(=O)N4CCOCC4)sc23)c(F)c1,CHEMBL401838,125.0
CCN(CC)C(=O)c1cc2nccc(Oc3ccc(NC(=S)NC(=O)Cc4ccccc4)cc3F)c2s1,CHEMBL402504,114.0
CN(C)C(=O)c1cc2nccc(Oc3ccc(NC(=S)NC(=O)Cc4ccccc4)cc3F)c2s1,CHEMBL402036,48.0
CNC(=O)c1cc2nccc(Oc3ccc(NC(=S)NC(=O)Cc4ccccc4)cc3F)c2s1,CHEMBL438877,80.0
NC(=O)c1cc2nccc(Oc3ccc(NC(=S)NC(=O)Cc4ccccc4)cc3F)c2s1,CHEMBL256974,65.0
O=C(Cc1ccccc1)NC(=S)Nc1ccc(Oc2ccnc3cc(-c4cncnc4)sc23)c(F)c1,CHEMBL256786,63.0
O=C(Cc1ccccc1)NC(=S)Nc1ccc(Oc2ccnc3cc(-c4ccoc4)sc23)c(F)c1,CHEMBL403747,74.0
Cn1cccc1-c1cc2nccc(Oc3ccc(NC(=S)NC(=O)Cc4ccccc4)cc3F)c2s1,CHEMBL258185,49.0
O=C(Cc1ccccc1)NC(=S)Nc1ccc(Oc2ccnc3cc(-c4cccs4)sc23)c(F)c1,CHEMBL402004,70.0
O=C(Cc1ccccc1)NC(=S)Nc1ccc(Oc2ccnc3cc(-c4nncs4)sc23)c(F)c1,CHEMBL257987,60.0
O=C(Cc1ccccc1)NC(=S)Nc1ccc(Oc2ccnc3cc(-c4ncccn4)sc23)c(F)c1,CHEMBL256767,181.0
O=C(Cc1ccccc1)NC(=S)Nc1ccc(Oc2ccnc3cc(-c4cccnc4)sc23)c(F)c1,CHEMBL402042,126.0
O=C(Cc1ccccc1)NC(=S)Nc1ccc(Oc2ccnc3cc(-c4ccccn4)sc23)c(F)c1,CHEMBL404639,62.0
O=C(Cc1ccccc1)NC(=S)Nc1ccc(Oc2ccnc3cc(-c4nccs4)sc23)c(F)c1,CHEMBL402550,65.0
Cn1ncnc1-c1cc2nccc(Oc3ccc(NC(=S)NC(=O)Cc4ccccc4)cc3F)c2s1,CHEMBL258396,69.0
Cn1cc(-c2cc3nccc(Oc4ccc(NC(=S)NC(=O)Cc5ccccc5)cc4F)c3s2)cn1,CHEMBL402792,24.0
CCn1ccnc1-c1cc2nccc(Oc3ccc(NC(=S)NC(=O)Cc4ccccc4)cc3F)c2s1,CHEMBL404495,108.0
Cn1ccnc1-c1cc2nccc(Oc3ccc(NC(=S)NC(=O)Cc4ccccc4)cc3F)c2s1,CHEMBL258240,51.0
CCn1cnc(-c2cc3nccc(Oc4ccc(NC(=S)NC(=O)Cc5ccccc5)cc4F)c3s2)c1,CHEMBL258453,52.0
Cn1cnc(-c2cc3nccc(Oc4ccc(NC(=S)NC(=O)Cc5ccccc5)cc4F)c3s2)c1,CHEMBL254760,29.0
CCN(CC)CCNC(=O)c1c(C)[nH]c(/C=C2\C(=O)Nc3ccc(F)cc32)c1C,CHEMBL535,2000.0
COc1cc(N2CCC(N3CCN(C)CC3)CC2)ccc1Nc1ncc(Cl)c(Nc2ccccc2S(=O)(=O)C(C)C)n1,CHEMBL509032,1667.0
Cn1cnc(-c2cc3nccc(Oc4ccc(NC(=O)NC(=O)Cc5ccccc5)cc4F)c3s2)c1,CHEMBL490965,25.0
Cn1cnc(-c2cc3nccc(Oc4ccc(NC(=O)CC(=O)Nc5ccccc5)cc4F)c3s2)c1,CHEMBL464510,28.0
CN(C(=O)CC(=O)Nc1ccc(Oc2ccnc3cc(-c4cn(C)cn4)sc23)c(F)c1)c1ccccc1,CHEMBL465130,43.0
Cn1cnc(-c2cc3nccc(Oc4ccc(NC(=O)C5(C(=O)Nc6ccccc6)CC5)cc4F)c3s2)c1,CHEMBL465131,28.0
CN(C(=O)C1(C(=O)Nc2ccc(Oc3ccnc4cc(-c5cn(C)cn5)sc34)c(F)c2)CC1)c1ccccc1,CHEMBL462667,1000.0
Cn1cnc(-c2cc3nccc(Oc4ccc(NC(=O)C5CCN(c6ccccc6)C5=O)cc4F)c3s2)c1,CHEMBL518209,35.0
CC(C)n1cnc(-c2cc3nccc(Oc4ccc(NC(=O)C5CCN(c6ccccc6)C5=O)cc4F)c3s2)c1,CHEMBL459478,39.0
CC(C)n1cnc(-c2cc3nccc(Oc4ccc(NC(=O)C5CC(=O)N(c6ccccc6)C5)cc4F)c3s2)c1,CHEMBL462023,300.0
Cn1cnc(-c2cc3nccc(Oc4ccc(NC(=O)C5(C)CCN(c6ccccc6)C5=O)cc4F)c3s2)c1,CHEMBL462231,67.0
Cn1cnc(-c2cc3nccc(Oc4ccc(NC(=O)N5CCN(c6ccccc6)C5=O)cc4F)c3s2)c1,CHEMBL462232,23.0
CCn1cnc(-c2cc3nccc(Oc4ccc(NC(=O)N5CCN(c6ccccc6)C5=O)cc4F)c3s2)c1,CHEMBL453613,25.0
CN(C)CCn1cnc(-c2cc3nccc(Oc4ccc(NC(=O)N5CCN(c6ccccc6)C5=O)cc4F)c3s2)c1,CHEMBL445871,34.0
O=C(Nc1ccc(Oc2ccnc3cc(-c4cn(CCN5CCCC5)cn4)sc23)c(F)c1)N1CCN(c2ccccc2)C1=O,CHEMBL503524,35.0
Cn1ccnc1-c1cc2nccc(Oc3ccc(NC(=O)N4CCN(c5ccccc5)C4=O)cc3F)c2s1,CHEMBL510676,26.0
CCn1ccnc1-c1cc2nccc(Oc3ccc(NC(=O)N4CCN(c5ccccc5)C4=O)cc3F)c2s1,CHEMBL455655,24.0
O=C(Nc1ccc(Oc2ccnc3cc(-c4ccc(CN5CCNCC5)cc4)sc23)c(F)c1)N1CCN(c2ccccc2)C1=O,CHEMBL448276,22.0
CN1CCN(Cc2ccc(-c3cc4nccc(Oc5ccc(NC(=O)N6CCN(c7ccccc7)C6=O)cc5F)c4s3)cc2)CC1,CHEMBL447616,29.0
CNC(=O)N1CCN(Cc2ccc(-c3cc4nccc(Oc5ccc(NC(=O)N6CCN(c7ccccc7)C6=O)cc5F)c4s3)cc2)CC1,CHEMBL503016,16.0
CN1CCN(CCN(C)Cc2ccc(-c3cc4nccc(Oc5ccc(NC(=O)N6CCN(c7ccccc7)C6=O)cc5F)c4s3)cc2)CC1,CHEMBL508395,28.0
CC(=O)c1cccc(-c2cc3nccc(Oc4ccc(NC(=O)N5CCN(c6ccccc6)C5=O)cc4F)c3s2)c1,CHEMBL448993,200.0
CN(C)[C@H]1CCN(C(=O)c2cc3nccc(Oc4ccc(NC(=O)N5CCN(c6ccccc6)C5=O)cc4F)c3s2)C1,CHEMBL502621,42.0
CN1CC=C(c2cc3nccc(Oc4ccc(NC(=O)N5CCN(c6ccccc6)C5=O)cc4F)c3s2)CC1,CHEMBL508776,33.0
CCn1cnc(-c2cc3nccc(Oc4ccc(NC(=O)N5CCN(c6ccc(F)cc6)C5=O)cc4F)c3s2)c1,CHEMBL464211,27.0
CCn1cnc(-c2cc3nccc(Oc4ccc(NC(=O)N5CCN(c6ccccc6F)C5=O)cc4F)c3s2)c1,CHEMBL517469,21.0
CCn1cnc(-c2cc3nccc(Oc4ccc(NC(=O)N5CCN(c6ccccc6OC)C5=O)cc4F)c3s2)c1,CHEMBL462835,26.0
Cn1cnc(-c2cc3nccc(Oc4ccc(NC(=S)N5CCN(c6ccccc6)C5=O)cc4F)c3s2)c1,CHEMBL518676,24.0
Cn1cnc(-c2cc3nccc(Oc4ccc(NC(=O)N5CCN(c6ccccc6)C5=S)cc4F)c3s2)c1,CHEMBL464409,2000.0
O=C(Nc1ccc(Oc2ccnc3cc(-c4cn(CCCN5CCCC5)cn4)sc23)c(F)c1)N1CCN(c2ccccc2)C1=O,CHEMBL449757,300.0
N#Cc1ccc2[nH]c(-c3ccncc3)c(-c3ccc(F)c(Cl)c3)c2n1,CHEMBL521639,180.0
N#Cc1ccc2[nH]c(-c3ccnc(N)c3)c(-c3ccc(F)c(Cl)c3)c2n1,CHEMBL522155,130.0
N#Cc1ccc2[nH]c(-c3ccncc3)c(-c3cccc(Cl)c3)c2n1,CHEMBL493519,40.0
N#Cc1ccc2[nH]c(-c3cncnc3)c(-c3ccc(F)cc3)c2n1,CHEMBL493313,330.0
N#Cc1ccc2[nH]c(-c3ccncc3)c(-c3cc(F)cc(Cl)c3)c2n1,CHEMBL493511,340.0
N#Cc1ccc2[nH]c(-c3ccncc3)c(-c3ccc(F)c(F)c3)c2n1,CHEMBL524181,1590.0
N#Cc1ccc2[nH]c(-c3ccncc3)c(-c3ccc(F)cc3)c2n1,CHEMBL492761,1950.0
N#Cc1ccc2[nH]c(-c3ccncc3)c(-c3ccccc3)c2n1,CHEMBL492760,2090.0
N#Cc1ccc2[nH]c(-c3ccncc3)c(-c3cc(Cl)cc(Cl)c3)c2n1,CHEMBL510973,2550.0
N#Cc1ccc2[nH]c(-c3ccnc(NCc4ccccc4)c3)c(-c3ccc(F)c(Cl)c3)c2n1,CHEMBL492705,5570.0
N#Cc1ccc2[nH]c(-c3ccncc3)c(-c3ccc(Cl)cc3)c2n1,CHEMBL492912,10000.0
N#Cc1ccc2[nH]c(-c3ccncc3)c(-c3ccc(Cl)c(Cl)c3)c2n1,CHEMBL523853,10000.0
N#Cc1ccc2[nH]c(-c3ccncc3)c(-c3ccc(F)cc3F)c2n1,CHEMBL506851,10000.0
N#Cc1ccc2[nH]c(-c3ccnc(Cl)c3)c(-c3ccc(F)cc3)c2n1,CHEMBL521645,10000.0
N#Cc1ccc2[nH]c(-c3cccnc3)c(-c3ccc(F)cc3)c2n1,CHEMBL493510,10000.0
N#Cc1ccc2[nH]c(-c3cncnc3)c(-c3ccc(F)c(Cl)c3)c2n1,CHEMBL493314,10000.0
N#Cc1ccc2[nH]c(-c3cnc(N)nc3)c(-c3ccc(F)c(Cl)c3)c2n1,CHEMBL492706,10000.0
N#Cc1ccc2[nH]c(-c3ccc(N)nc3)c(-c3ccc(F)c(Cl)c3)c2n1,CHEMBL493321,10000.0
N#Cc1ccc2[nH]c(-c3cnc4[nH]ccc4c3)c(-c3ccc(F)c(Cl)c3)c2n1,CHEMBL522009,10000.0
N#Cc1ccc2[nH]c(-c3ccncc3)c(-c3ccc(Br)cc3)c2n1,CHEMBL523341,10000.0
N#Cc1ccc(-c2c(-c3ccncc3)[nH]c3ccc(C#N)nc23)cc1,CHEMBL524021,10000.0
COc1ccc2c(OCc3nnc4ccc(-c5ccccc5)nn34)ccnc2c1,CHEMBL496102,46.0
Oc1ccc(Cc2nnc3ccc(-c4ccco4)nn23)cc1,CHEMBL497119,132.0
Cc1cc(-c2ccc3nnc(Cc4ccc(O)cc4)n3n2)sn1,CHEMBL523413,2.0
Cc1csc(-c2ccc3nnc(Cc4ccc(O)cc4)n3n2)c1,CHEMBL497118,2.0
Oc1ccc(Cc2nnc3ccc(-c4ccsc4)nn23)cc1,CHEMBL497117,29.0
Oc1ccc(Cc2nnc3ccc(-c4cccs4)nn23)cc1,CHEMBL523386,6.0
CNC(=O)c1ccc(-c2ccc3nnc(Cc4ccc(O)cc4)n3n2)cc1Cl,CHEMBL494985,2.0
CNC(=O)c1ccc(-c2ccc3nnc(Cc4ccc(O)cc4)n3n2)cc1F,CHEMBL494984,3.0
CNC(=O)c1ccc(-c2ccc3nnc(Cc4ccc(O)cc4)n3n2)cc1,CHEMBL494983,16.0
COc1ccc2c(OCc3nnc4ccc(-c5cc(F)c(F)c(F)c5)nn34)ccnc2c1,CHEMBL494979,7.0
COc1ccc2c(OCc3nnc4ccc(-c5cc(F)cc(F)c5)nn34)ccnc2c1,CHEMBL494630,14.0
COc1ccc2c(OCc3nnc4ccc(-c5ccc(F)c(F)c5)nn34)ccnc2c1,CHEMBL522196,26.0
COc1ccc2c(OCc3nnc4ccc(-c5ccccc5F)nn34)ccnc2c1,CHEMBL494794,400.0
COc1ccc2c(OCc3nnc4ccc(-c5cccc(F)c5)nn34)ccnc2c1,CHEMBL494793,20.0
COc1ccc2c(OCc3nnc4ccc(-c5ccc(F)cc5)nn34)ccnc2c1,CHEMBL497968,42.0
O=c1cc2oc3cc(O)c(O)cc3c(-c3cccc(Cl)c3Cl)c-2cc1O,CHEMBL473332,30000.0
CC1=C(C(=O)Nc2ccc(Cl)cc2)C(c2cccc(C(F)(F)F)c2)N(C)C(=S)N1C,CHEMBL514624,30000.0
CC1=C(C#N)C(=O)N(Cc2ccccc2)C(=O)/C1=C\Nc1cc(Cl)ccc1O,CHEMBL473533,50000.0
CCOc1ccn(-c2ccc(F)cc2)c(=O)c1C(=O)Nc1ccc(Oc2ccnc(N)c2Cl)c(F)c1,CHEMBL460702,20.0
COc1ccc2c(Oc3ccc(NC(=O)c4c(C)n(C)n(-c5ccccc5)c4=O)cc3F)ccnc2c1,CHEMBL460465,37.0
COc1ccc2c(Oc3ccc(NC(=O)c4c(C)n(CC(C)(C)O)n(-c5ccccc5)c4=O)cc3F)ccnc2c1,CHEMBL445799,50.0
COc1ccc2c(Oc3ccc(NC(=O)c4c(C)n(CC(C)=O)n(-c5ccccc5)c4=O)cc3F)ccnc2c1,CHEMBL461293,48.0
COc1ccc2c(Oc3ccc(NC(=O)c4c(C)n(C[C@H](C)O)n(-c5ccccc5)c4=O)cc3F)ccnc2c1,CHEMBL460468,23.0
COc1ccc2c(Oc3ccc(NC(=O)c4c(C)n(C[C@@H](C)O)n(-c5ccccc5)c4=O)cc3F)ccnc2c1,CHEMBL518174,24.0
COc1ccc2c(Oc3ccc(NC(=O)c4c(C)n(CC(C)C)n(-c5ccccc5)c4=O)cc3F)ccnc2c1,CHEMBL459647,204.0
CCCn1c(C)c(C(=O)Nc2ccc(Oc3ccnc4cc(OC)ccc34)c(F)c2)c(=O)n1-c1ccccc1,CHEMBL460466,49.0
COc1ccc2c(Oc3ccc(NC(=O)c4c(C)n(CC(C)(C)O)n(-c5ccccc5)c4=O)nc3)ccnc2c1,CHEMBL460472,60.0
CN1CCN(c2ccc(-c3cnc4ccn(S(=O)(=O)c5cccc6nonc56)c4c3)cn2)CC1,CHEMBL551458,820.0
O=S(=O)(c1cccc2nonc12)n1ccc2ncc(-c3cnn(C4CCNCC4)c3)cc21,CHEMBL554497,200.0
Nc1cnc2ccn(S(=O)(=O)c3cccc4nonc34)c2c1,CHEMBL562063,1300.0
O=C(c1cccnc1)N1CCN(c2cnc3ccn(S(=O)(=O)c4cccc5nonc45)c3c2)CC1,CHEMBL564904,480.0
CC(=O)N1CCN(c2cnc3ccn(S(=O)(=O)c4cccc5nonc45)c3c2)CC1,CHEMBL549980,370.0
CNCC(=O)N1CCN(c2cnc3ccn(S(=O)(=O)c4cccc5nonc45)c3c2)CC1,CHEMBL564760,570.0
O=S(=O)(c1c(Cl)nc2sccn12)n1ccc2ncc(N3CCNCC3)cc21,CHEMBL560575,1700.0
O=S(=O)(c1c(Cl)nc2sccn12)n1ccc2ncc(-c3cnn(C4CCNCC4)c3)cc21,CHEMBL564371,110.0
Nc1cnc2ccn(S(=O)(=O)c3c(Cl)nc4sccn34)c2c1,CHEMBL558306,490.0
O=S(=O)(c1c(Cl)nc2sccn12)n1ccc2ncc(O)cc21,CHEMBL561058,3600.0
CC(C)(C)OC(=O)N1CCN(c2cnc3ccn(S(=O)(=O)c4c(Cl)nc5sccn45)c3c2)CC1,CHEMBL550158,1946.0
CC(C)(C)OC(=O)N1CCC(n2cc(-c3cnc4ccn(S(=O)(=O)c5c(Cl)nc6sccn56)c4c3)cn2)CC1,CHEMBL564440,147.0
c1cc(Cn2ccc3ncc(-c4cnn(C5CCNCC5)c4)cc32)c2nonc2c1,CHEMBL550160,1800.0
CC(C)(C)OC(=O)N1CCC(n2cc(-c3cnc4ccn(Cc5cccc6nonc56)c4c3)cn2)CC1,CHEMBL564827,3080.0
COc1cc2nccc(Oc3ccc(NC(=O)N4CCN(c5ccccc5)C4=O)cc3F)c2cc1OC,CHEMBL573761,30.0
COc1cc2ncnc(Oc3ccc(NC(=O)N4CCN(c5ccccc5)C4=O)cc3F)c2cc1OC,CHEMBL574870,40.0
COc1cc2ncnc(Nc3ccc(NC(=O)N4CCN(c5ccccc5)C4=O)cc3F)c2cc1OC,CHEMBL573765,600.0
COc1cc2ncnc(N(C)c3ccc(NC(=O)N4CCN(c5ccccc5)C4=O)cc3F)c2cc1OC,CHEMBL574863,4000.0
COc1cc2nccc(Oc3ccc(NC(=O)C4(C(=O)Nc5ccc(F)cc5)CC4)cc3F)c2cc1OC,CHEMBL489326,21.0
COc1cc2nccc(Oc3ccc(NC(=O)N4CCN(c5ccc(F)cc5)C4=O)cc3F)c2cc1OC,CHEMBL574864,30.0
COc1cc2nccc(Oc3ccc(NC(=O)N4CCN(c5ccccc5)C4=O)c(F)c3)c2cc1OC,CHEMBL576769,30.0
COc1cc2nccc(Oc3ccc(NC(=O)N4CCN(c5ccccc5)C4=O)nc3)c2cc1OC,CHEMBL575713,30.0
COc1cc2nccc(Oc3ccc(NC(=O)N4CCN(c5ccccn5)C4=O)cc3F)c2cc1OC,CHEMBL573768,40.0
COc1cc2nccc(Sc3ccc(NC(=O)N4CCN(c5ccc(F)cc5)C4=O)cc3)c2cc1OC,CHEMBL575076,40.0
COc1cc2c(Oc3ccc(NC(=O)N4CCN(c5ccccc5)C4=O)cc3F)ccnc2cc1OCC1CCNCC1,CHEMBL582927,40.0
COc1cc2nccc(Oc3ccc(NC(=O)N4CCN(c5ccc(F)cc5)C4=O)cc3F)c2cc1OCCCN1CCOCC1,CHEMBL574050,40.0
COc1cc2nccc(Oc3ccc(NC(=O)N4CCN(c5ccccc5OC)C4=O)cc3F)c2cc1OC,CHEMBL575698,50.0
COc1cc2nccc(Oc3ccc(NC(=O)N4CCN(c5cccc(F)c5)C4=O)cc3F)c2cc1OC,CHEMBL574225,50.0
COc1cc2nccc(Oc3ccc(NC(=O)N4CCN(c5ccccc5)C4=O)cc3)c2cc1OC,CHEMBL573974,50.0
COc1cc2nccc(Oc3ccc(NC(=O)N4CCN(c5ccc(F)cc5)C4=O)cc3)c2cc1OC,CHEMBL576752,50.0
COc1cc2c(Oc3ccc(NC(=O)N4CCN(c5ccccc5)C4=O)cc3F)ccnc2cc1OCC1CCN(C)CC1,CHEMBL572389,50.0
COc1cc2c(Oc3ccc(NC(=O)N4CCN(c5ccccc5)C4=O)cc3F)ccnc2cc1OCCCN1CCOCC1,CHEMBL574125,50.0
COc1cc2nccc(Oc3ccc(NC(=O)N4CCN(c5ccccc5F)C4=O)cc3F)c2cc1OC,CHEMBL577369,60.0
COc1cc2nccc(Oc3ccc(NC(=O)N4CCN(N5CCCCC5)C4=O)cc3F)c2cc1OC,CHEMBL575712,60.0
COc1cc2nccc(Oc3ccc(NC(=O)N4CCN(c5ccccc5)C4=O)cn3)c2cc1OC,CHEMBL574230,60.0
COCCOc1cc2nccc(Oc3ccc(NC(=O)N4CCN(c5ccccc5)C4=O)cc3F)c2cc1OCCOC,CHEMBL574093,60.0
COc1cc2nccc(Oc3ccc(NC(=O)N4CCN(c5ccncc5)C4=O)cc3F)c2cc1OC,CHEMBL574406,100.0
COc1cc2nccc(Oc3ccc(NC(=O)N4CCN(C5CCCCC5)C4=O)cc3F)c2cc1OC,CHEMBL582925,110.0
COc1cc2nccc(Nc3ccc(NC(=O)N4CCN(c5ccccc5)C4=O)cc3F)c2cc1OC,CHEMBL573762,200.0
C=CCN1CCN(C(=O)Nc2ccc(Oc3ccnc4cc(OC)c(OC)cc34)c(F)c2)C1=O,CHEMBL574628,200.0
COc1cc2nccc(N(C)c3ccc(NC(=O)N4CCN(c5ccccc5)C4=O)cc3F)c2cc1OC,CHEMBL575490,400.0
Cc1[nH]c(/C=C2\C(=O)Nc3ccc(S(=O)(=O)Cc4c(Cl)cccc4Cl)cc32)c(C)c1C(=O)N1CCC[C@@H]1CN1CCCC1,CHEMBL450786,38.0
O=C(CC(=O)Nc1ccc(Oc2ccnc3ccsc23)c(F)c1)Nc1ccccc1,CHEMBL566621,270.0
O=C(CC(=O)Nc1ccc(Oc2ccnc3cc(C(=O)N4CCCC4)sc23)c(F)c1)Nc1ccccc1,CHEMBL566010,40.0
CN(C)[C@@H]1CCN(C(=O)c2cc3nccc(Oc4ccc(NC(=O)CC(=O)Nc5ccccc5)cc4F)c3s2)C1,CHEMBL565785,65.0
Cn1ccnc1C(=O)c1cc2nccc(Oc3ccc(NC(=O)CC(=O)Nc4ccccc4)cc3F)c2s1,CHEMBL566623,36.0
Cn1cnc(C(=O)c2cc3nccc(Oc4ccc(NC(=O)CC(=O)Nc5ccccc5)cc4F)c3s2)c1,CHEMBL566003,25.0
CCn1cnc(C(=O)c2cc3nccc(Oc4ccc(NC(=O)CC(=O)Nc5ccccc5)cc4F)c3s2)c1,CHEMBL565990,19.0
CN(C)CCn1cnc(C(=O)c2cc3nccc(Oc4ccc(NC(=O)CC(=O)Nc5ccccc5)cc4F)c3s2)c1,CHEMBL576504,20.0
O=C(O)Cn1cnc(C(=O)c2cc3nccc(Oc4ccc(NC(=O)CC(=O)Nc5ccccc5)cc4F)c3s2)c1,CHEMBL570869,36.0
CCn1cnc(-c2cc3nccc(Oc4ccc(NC(=O)CC(=O)NC5CCCCC5)cc4F)c3s2)c1,CHEMBL585205,52.0
CCn1cnc(-c2cc3nccc(Oc4ccc(NC(=O)CC(=O)Nc5ccccc5F)cc4F)c3s2)c1,CHEMBL566215,32.0
CCn1cnc(-c2cc3nccc(Oc4ccc(NC(=O)CC(=O)Nc5cccc(F)c5)cc4F)c3s2)c1,CHEMBL565603,52.0
CCn1cnc(-c2cc3nccc(Oc4ccc(NC(=O)CC(=O)Nc5ccc(F)cc5)cc4F)c3s2)c1,CHEMBL567475,24.0
CCn1cnc(-c2cc3nccc(Oc4ccc(NC(=O)CC(=O)Nc5ccccc5OC)cc4F)c3s2)c1,CHEMBL566844,25.0
CCn1cnc(-c2cc3nccc(Oc4ccc(NC(=O)CC(=O)Nc5ccccc5C(F)(F)F)cc4F)c3s2)c1,CHEMBL577742,91.0
CCn1cnc(-c2cc3nccc(Oc4ccc(NC(=O)CC(=O)Nc5ccccc5O)cc4F)c3s2)c1,CHEMBL584701,26.0
CCn1cnc(-c2cc3nccc(Oc4ccc(NC(=O)C5(C(=O)Nc6ccccc6)CC5)cc4F)c3s2)c1,CHEMBL565807,24.0
CCn1cnc(-c2cc3nccc(Oc4ccc(NC(=O)CC(=O)N(C)c5ccccc5)cc4F)c3s2)c1,CHEMBL565782,33.0
CCn1cnc(-c2cc3nccc(Oc4ccc(NC(=O)C5(C(=O)Nc6ccccc6F)CC5)cc4F)c3s2)c1,CHEMBL566836,38.0
COc1cnc2c(NCc3nnc4ccc(-c5ccccc5)nn34)ccnc2c1,CHEMBL566875,14.0
COc1cnc2c(NCc3nnc4ccc(-c5ccc(F)c(F)c5)nn34)ccnc2c1,CHEMBL566242,7.0
COc1cnc2c(NCc3nnc4ccc(-c5cc(F)c(F)c(F)c5)nn34)ccnc2c1,CHEMBL565843,7.0
COc1cnc2c(NCc3nnc4ccc(-c5cc(F)cc(F)c5)nn34)ccnc2c1,CHEMBL568138,3.0
COc1cnc2c(NCc3nnc4ccc(-c5cc(C)ns5)nn34)ccnc2c1,CHEMBL566685,3.0
Cn1cnc(-c2cc3nccc(Oc4ccc(NC(=O)CC(Nc5ccccc5)C(F)(F)F)cc4F)c3s2)c1,CHEMBL600632,700.0
Cn1cnc(-c2cc3nccc(Oc4ccc(NC(CC(=O)Nc5ccccc5)C(F)(F)F)cc4F)c3s2)c1,CHEMBL602703,120.0
COc1ccccc1NC(=O)CC(Nc1ccc(Oc2ccnc3cc(-c4cn(C)cn4)sc23)c(F)c1)C(F)(F)F,CHEMBL591924,840.0
Cn1cnc(-c2cc3nccc(Oc4ccc(NC(CC(=O)Nc5ccc(F)cc5)C(F)(F)F)cc4F)c3s2)c1,CHEMBL602704,90.0
Cn1cnc(-c2cc3nccc(Oc4ccc(NC(CC(=O)Nc5ccc(F)cc5)C(F)(F)F)cc4)c3s2)c1,CHEMBL602905,180.0
COc1cc2ncnc(Oc3ccc(NC(=O)CC(Nc4ccccc4)C(F)(F)F)cc3F)c2cc1OC,CHEMBL600398,5000.0
COc1cc2nccc(Oc3ccc(NC(=O)CC(Nc4ccccc4)C(F)(F)F)cc3F)c2cc1OC,CHEMBL600603,680.0
COc1cc2nccc(Oc3ccc(NC(CC(=O)Nc4ccccc4)C(F)(F)F)cc3F)c2cc1OC,CHEMBL600604,910.0
O=C(CC(Nc1ccc(F)cc1)C(F)(F)F)Nc1ccc(Oc2cc(NC(=O)N3CCCC3)ncn2)c(F)c1,CHEMBL603082,5000.0
O=C(CC(Nc1ccc(Oc2cc(NC(=O)N3CCCC3)ncn2)c(F)c1)C(F)(F)F)Nc1ccccc1,CHEMBL612137,5000.0
Nc1cc(Oc2ccc(Nc3ncccc3C(=O)Nc3ccc(Cl)cc3)cc2F)ccn1,CHEMBL1097141,11.0
Nc1cc(Oc2ccc(Nc3ncccc3C(=O)Nc3ccc(F)cc3F)cc2F)ccn1,CHEMBL1097142,8.0
O=C(Nc1ccc(F)cc1F)c1cccnc1Nc1ccc(Oc2ccnc3[nH]ccc23)c(F)c1,CHEMBL1095873,7.0
Cc1ccccc1NC(=O)c1cccnc1Nc1ccc(Oc2ccnc3[nH]ccc23)c(F)c1,CHEMBL1099174,6.0
O=C(Nc1ccccc1Cl)c1cccnc1Nc1ccc(Oc2ccnc3[nH]ccc23)c(F)c1,CHEMBL1099175,24.0
CN(C(=O)c1cccnc1Nc1ccc(Oc2ccnc3[nH]ccc23)c(F)c1)c1ccc(F)cc1,CHEMBL1099176,190.0
O=C(Nc1ccc(F)cn1)c1cccnc1Nc1ccc(Oc2ccnc3[nH]ccc23)c(F)c1,CHEMBL1099204,34.0
O=C(Nc1ccccc1)c1cccnc1Nc1ccc(Oc2ccnc3[nH]ccc23)c(F)c1,CHEMBL1098475,21.0
O=C(Nc1ccccc1CCO)c1cccnc1Nc1ccc(Oc2ccnc3[nH]ccc23)c(F)c1,CHEMBL1097543,9.0
Cc1ccc(C(=O)Nc2ccc(F)cc2F)c(Nc2ccc(Oc3ccnc4[nH]ccc34)c(F)c2)n1,CHEMBL1097544,18.0
Nc1cc(Oc2ccc(Nc3ncc(Br)cc3C(=O)Nc3ccc(F)cc3F)cc2F)ccn1,CHEMBL1098176,13.0
O=C(Nc1ccc(F)cc1F)c1cc(Br)cnc1Nc1ccc(Oc2ccnc3[nH]ccc23)c(F)c1,CHEMBL1097868,9.0
Nc1cc(Oc2ccc(Nc3ccncc3C(=O)Nc3ccc(F)cc3F)cc2F)ccn1,CHEMBL1097869,3500.0
O=C(Nc1ccc(F)cc1F)c1cnccc1Nc1ccc(Oc2ccnc3[nH]ccc23)c(F)c1,CHEMBL1098213,270.0
Nc1cc(Oc2ccc(Nc3nccnc3C(=O)Nc3ccc(F)cc3F)cc2F)ccn1,CHEMBL1096519,69.0
O=C(Nc1ccc(F)cc1F)c1nccnc1Nc1ccc(Oc2ccnc3[nH]ccc23)c(F)c1,CHEMBL1098517,55.0
Nc1cc(Oc2ccc(Nc3ncncc3C(=O)Nc3ccc(F)cc3F)cc2F)ccn1,CHEMBL1098518,22.0
CSc1ncc(C(=O)Nc2ccc(F)cc2F)c(Nc2ccc(Oc3ccnc(N)c3)c(F)c2)n1,CHEMBL1096536,9.0
CN(C)c1ncc(C(=O)Nc2ccc(F)cc2F)c(Nc2ccc(Oc3ccnc(N)c3)c(F)c2)n1,CHEMBL1096549,120.0
Cn1cnc(-c2cc3nccc(Oc4ccc(NC(=O)c5cnn(-c6ccccc6)c5C(F)(F)F)cc4F)c3s2)c1,CHEMBL1094718,500.0
CNC(=O)c1ccccc1Nc1nc(Nc2ccc3c(c2)CCN(CCOC)CC3)ncc1Cl,CHEMBL1642132,220.0
CNC(=O)c1cccc(Cl)c1Nc1nc(Nc2ccc3c(c2)CCN(CCOC)CC3)ncc1Cl,CHEMBL1642133,550.0
CNC(=O)c1cccc(C)c1Nc1nc(Nc2ccc3c(c2)CCN(CCOC)CC3)ncc1Cl,CHEMBL1642134,1400.0
CNC(=O)c1cccc(F)c1Nc1nc(Nc2ccc3c(c2)CCN(CCOC)CC3)ncc1Cl,CHEMBL1642135,19.0
CNC(=O)c1cccc(F)c1Nc1nc(Nc2ccc3c(c2)OCCCN3C(=O)OC)ncc1Cl,CHEMBL1642136,46.0
CCOC(=O)N1CCCOc2cc(Nc3ncc(Cl)c(Nc4c(F)cccc4C(=O)NC)n3)ccc21,CHEMBL1642137,36.0
CNC(=O)c1cccc(F)c1Nc1nc(Nc2ccc3c(c2)OCCCN3C(=O)OC(C)C)ncc1Cl,CHEMBL1642138,53.0
CNC(=O)c1cccc(F)c1Nc1nc(Nc2ccc3c(c2)OCCCN3C(=O)OCCOC)ncc1Cl,CHEMBL1642139,50.0
CNC(=O)c1cccc(F)c1Nc1nc(Nc2ccc3c(c2)OCCCN3C(=O)OCCCN(C)C)ncc1Cl,CHEMBL1642140,28.0
CCN1CCCOc2cc(Nc3ncc(Cl)c(Nc4c(F)cccc4C(=O)NC)n3)ccc21,CHEMBL1642141,18.0
CNC(=O)c1cccc(F)c1Nc1nc(Nc2ccc3c(c2)OCCCN3CCN2CCCC2)ncc1Cl,CHEMBL1642142,22.0
CNC(=O)c1cccc(F)c1Nc1nc(Nc2ccc3c(c2)OCCCN3)ncc1Cl,CHEMBL1642143,57.0
CNC(=O)c1cccc(F)c1Nc1nc(Nc2ccc3c(c2)OCCCN3C(C)=O)ncc1Cl,CHEMBL1642144,30.0
CNC(=O)c1cccc(F)c1Nc1nc(Nc2ccc3c(c2)OCCCN3C(=O)CN2CCCC2)ncc1Cl,CHEMBL1642145,19.0
CNC(=O)c1cccc(F)c1Nc1nc(Nc2ccc3c(c2)OCCCN3C(=O)COC)ncc1Cl,CHEMBL1642146,51.0
CCOC(=O)N1CCCOc2ccc(Nc3ncc(Cl)c(Nc4c(F)cccc4C(=O)NC)n3)cc21,CHEMBL1642147,440.0
CCN1CCCOc2ccc(Nc3ncc(Cl)c(Nc4c(F)cccc4C(=O)NC)n3)cc21,CHEMBL1642148,41.0
CNC(=O)c1cccc(F)c1Nc1nc(Nc2ccc3c(c2)N(C(C)=O)CCCO3)ncc1Cl,CHEMBL1642149,49.0
CNC(=O)c1ccccc1Nc1nc(Nc2ccc3c(c2)CCCC(=O)N3C)ncc1Cl,CHEMBL1644799,10.0
CNC(=O)c1cccc(F)c1Nc1nc(Nc2ccc3c(c2)NC(=O)CCC3(C)C)ncc1Cl,CHEMBL1644811,10.0
C#CCNC(=O)c1ccccc1Nc1nc(Nc2ccc3c(c2)CCCC(=O)N3C)ncc1Cl,CHEMBL1644802,38.0
CCN1C(=O)CCC(C)(C)c2ccc(Nc3ncc(Cl)c(Nc4c(F)cccc4C(=O)NC)n3)cc21,CHEMBL1644812,44.0
CNC(=O)c1cccc(F)c1Nc1nc(Nc2ccc3c(c2)N(CCOC)C(=O)CCC3)ncc1Cl,CHEMBL1644810,61.0
CCN1C(=O)CCC(C)(C)c2cc(Nc3ncc(Cl)c(Nc4c(F)cccc4C(=O)NC)n3)ccc21,CHEMBL1644808,64.0
CNC(=O)c1ccccc1Nc1nc(Nc2ccc3c(c2)C(C)(C)CCC(=O)N3)ncc1Cl,CHEMBL1644804,80.0
CN1C(=O)CCCc2cc(Nc3ncc(Cl)c(Nc4ccccc4C(N)=O)n3)ccc21,CHEMBL1644798,85.0
CNC(=O)c1cccc(F)c1Nc1nc(Nc2ccc3c(c2)N(CCOC)C(=O)CCC3(C)C)ncc1Cl,CHEMBL1644815,85.0
CNC(=O)c1cccc(F)c1Nc1nc(Nc2ccc3c(c2)NC(=O)CCC3)ncc1Cl,CHEMBL1644809,99.0
CNC(=O)c1cccc(F)c1Nc1nc(Nc2ccc3c(c2)C(C)(C)CCC(=O)N3)ncc1Cl,CHEMBL1644805,102.0
CCCNC(=O)c1ccccc1Nc1nc(Nc2ccc3c(c2)CCCC(=O)N3C)ncc1Cl,CHEMBL1644800,202.0
CNC(=O)c1cccc(F)c1Nc1nc(Nc2ccc3c(c2)N(CC(C)C)C(=O)CCC3(C)C)ncc1Cl,CHEMBL1789964,214.0
CNC(=O)c1cccc(Cl)c1Nc1nc(Nc2ccc3c(c2)C(C)(C)CCC(=O)N3)ncc1Cl,CHEMBL1644806,1652.0
CN(C[C@@H]1COCCO1)S(=O)(=O)Nc1ccc2ccc3ncc(-c4cnn(C)c4)cc3c(=O)c2c1,CHEMBL1822792,2500.0
CN(C[C@H]1COCCO1)S(=O)(=O)Nc1ccc2ccc3ncc(-c4cnn(C)c4)cc3c(=O)c2c1,CHEMBL1802915,210.0
CN([C@H]1CCOC1)S(=O)(=O)Nc1ccc2ccc3ncc(-c4cnn(C)c4)cc3c(=O)c2c1,CHEMBL1802914,53.0
COCCCN(C)S(=O)(=O)Nc1ccc2ccc3ncc(-c4cnn(C)c4)cc3c(=O)c2c1,CHEMBL1802913,58.0
Cn1cc(-c2cnc3ccc4ccc(NS(=O)(=O)N5CC(F)C5)cc4c(=O)c3c2)cn1,CHEMBL1802912,28.0
Cn1cc(-c2cnc3ccc4ccc(NS(=O)(=O)N5CCC5)cc4c(=O)c3c2)cn1,CHEMBL1802911,71.0
Cn1cc(-c2cnc3ccc4ccc(NS(=O)(=O)N5CCOCC5)cc4c(=O)c3c2)cn1,CHEMBL1800104,1000.0
CN(Cc1ccccc1)S(=O)(=O)Nc1ccc2ccc3ncc(-c4cnn(C)c4)cc3c(=O)c2c1,CHEMBL1802910,1200.0
CN(Cc1cnccn1)S(=O)(=O)Nc1ccc2ccc3ncc(-c4cnn(C)c4)cc3c(=O)c2c1,CHEMBL1802909,75.0
CCN(CC)S(=O)(=O)Nc1ccc2ccc3ncc(-c4cnn(C)c4)cc3c(=O)c2c1,CHEMBL1802908,110.0
CNS(=O)(=O)Nc1ccc2ccc3ncc(-c4cnn(C)c4)cc3c(=O)c2c1,CHEMBL1802907,12.0
Cn1cc(-c2cnc3ccc4ccc(NS(N)(=O)=O)cc4c(=O)c3c2)cn1,CHEMBL1802906,12.0
CN(C)S(=O)(=O)Nc1ccc2ccc3ncc(-c4cnn(-c5ccccn5)c4)cc3c(=O)c2c1,CHEMBL1802905,750.0
CCN1CCC(n2cc(-c3cnc4ccc5ccc(NS(=O)(=O)N(C)C)cc5c(=O)c4c3)cn2)CC1,CHEMBL1802904,74.0
CN(C)S(=O)(=O)Nc1ccc2ccc3ncc(-c4cnn(CC(F)CN5CCCC5)c4)cc3c(=O)c2c1,CHEMBL1802903,12.0
COCC(F)Cn1cc(-c2cnc3ccc4ccc(NS(=O)(=O)N(C)C)cc4c(=O)c3c2)cn1,CHEMBL1802836,20.0
CN(C)S(=O)(=O)Nc1ccc2ccc3ncc(-c4cnn(CC(F)CO)c4)cc3c(=O)c2c1,CHEMBL1802835,85.0
CN(C)S(=O)(=O)Nc1ccc2ccc3ncc(-c4cnn(CCF)c4)cc3c(=O)c2c1,CHEMBL1802834,40.0
CN(C)S(=O)(=O)Nc1ccc2ccc3ncc(-c4cnn(CCCO)c4)cc3c(=O)c2c1,CHEMBL1802833,27.0
CN(C)CCCn1cc(-c2cnc3ccc4ccc(NS(=O)(=O)N(C)C)cc4c(=O)c3c2)cn1,CHEMBL1802832,96.0
CN(C)S(=O)(=O)Nc1ccc2ccc3ncc(-c4cnn(CC(=O)N5CCOCC5)c4)cc3c(=O)c2c1,CHEMBL1802831,290.0
CN(C)S(=O)(=O)Nc1ccc2ccc3ncc(-c4cnn(C)c4)cc3c(=O)c2c1,CHEMBL1802829,80.0
Cn1cc(-c2cnc3ccc4ccc(NS(=O)(=O)CCn5ccnc5)cc4c(=O)c3c2)cn1,CHEMBL1802828,7300.0
Cn1cc(-c2cnc3ccc4ccc(NS(=O)(=O)C(F)(F)F)cc4c(=O)c3c2)cn1,CHEMBL1802827,5500.0
Cn1cc(-c2cnc3ccc4ccc(NS(=O)(=O)C(C)(C)C)cc4c(=O)c3c2)cn1,CHEMBL1802826,580.0
Cn1cnc(S(=O)(=O)Nc2ccc3ccc4ncc(-c5cnn(C)c5)cc4c(=O)c3c2)c1,CHEMBL1802825,2300.0
O=c1c2cc(NS(=O)(=O)c3ccccc3)ccc2ccc2ncc(-c3ccccc3)cc12,CHEMBL1802824,9000.0
C=CS(=O)(=O)Nc1ccc2ccc3ncc(-c4ccccc4)cc3c(=O)c2c1,CHEMBL1802823,9000.0
CCS(=O)(=O)Nc1ccc2ccc3ncc(-c4ccccc4)cc3c(=O)c2c1,CHEMBL1802822,1500.0
Cn1cc(-c2cnc3ccc4ccc(O)cc4c(=O)c3c2)cn1,CHEMBL1802606,370.0
CNc1ccc2ccc3ncc(-c4cnn(C)c4)cc3c(=O)c2c1,CHEMBL1802605,80.0
Cn1cc(-c2cnc3ccc4ccc(N)c(Cl)c4c(=O)c3c2)cn1,CHEMBL1802604,360.0
Cn1cc(-c2cnc3ccc4ccc(N)cc4c(=O)c3c2)cn1,CHEMBL1802603,110.0
Cn1cc(-c2cnc3ccc4ccc(NS(C)(=O)=O)cc4c(=O)c3c2)cn1,CHEMBL1802602,12.0
CS(=O)(=O)Nc1ccc2ccc3ncc(-c4cn[nH]c4)cc3c(=O)c2c1,CHEMBL1802601,1400.0
CS(=O)(=O)Nc1ccc2ccc3ncc(-c4cnsc4)cc3c(=O)c2c1,CHEMBL1802600,210.0
CS(=O)(=O)Nc1ccc2ccc3ncc(-c4ccsc4)cc3c(=O)c2c1,CHEMBL1802599,1500.0
CS(=O)(=O)Nc1ccc2ccc3ncc(-c4ccoc4)cc3c(=O)c2c1,CHEMBL1802598,5500.0
CS(=O)(=O)Nc1ccc2ccc3ncc(-c4cncnc4)cc3c(=O)c2c1,CHEMBL1802597,9000.0
CS(=O)(=O)Nc1ccc2ccc3ncc(-c4cccnc4)cc3c(=O)c2c1,CHEMBL1802596,2500.0
CS(=O)(=O)Nc1ccc2ccc3ncc(-c4ccncc4)cc3c(=O)c2c1,CHEMBL1802595,750.0
CS(=O)(=O)Nc1ccc2ccc3ncc(-c4ccc(Cl)cc4)cc3c(=O)c2c1,CHEMBL1802594,5400.0
CS(=O)(=O)Nc1ccc2ccc3ncc(-c4cccc(Cl)c4)cc3c(=O)c2c1,CHEMBL1802593,5300.0
CS(=O)(=O)Nc1ccc2ccc3ncc(-c4ccccc4Cl)cc3c(=O)c2c1,CHEMBL1802592,9000.0
CS(=O)(=O)Nc1ccc2ccc3ncc(N4CCN(c5cccnc5)CC4)cc3c(=O)c2c1,CHEMBL1802591,2000.0
CS(=O)(=O)Nc1ccc2ccc3ncc(N4CCC5(CC4)OCCO5)cc3c(=O)c2c1,CHEMBL1802590,790.0
CC(C)N1CCN(c2cnc3ccc4ccc(NS(C)(=O)=O)cc4c(=O)c3c2)CC1,CHEMBL1802589,140.0
CS(=O)(=O)Nc1ccc2ccc3ncc(NCC4CC4)cc3c(=O)c2c1,CHEMBL1802588,760.0
CCCCN(C)c1cnc2ccc3ccc(NS(C)(=O)=O)cc3c(=O)c2c1,CHEMBL1802587,8000.0
CS(=O)(=O)Nc1ccc2ccc3ncc(N4CCOCC4)cc3c(=O)c2c1,CHEMBL1802586,2000.0
CS(=O)(=O)Nc1ccc2ccc3ncc(N4CCCCC4)cc3c(=O)c2c1,CHEMBL1802585,1100.0
CS(=O)(=O)Nc1ccc2ccc3ncc(-c4ccccc4)cc3c(=O)c2c1,CHEMBL1803004,2500.0
Nc1ncc(-c2ccc(C(=O)N3CCC[C@@H]3CN3CCCC3)cc2)cc1OCc1c(Cl)cccc1Cl,CHEMBL1824866,1790.0
Nc1ncc(-c2ccc(C(=O)N3CCC[C@@H]3CN3CCCC3)cc2)cc1OCc1ccccc1,CHEMBL1824867,10000.0
Nc1ncc(-c2ccc(C(=O)N3CCC[C@@H]3CN3CCCC3)cc2)cc1OCc1ccccc1F,CHEMBL1824868,6620.0
Nc1ncc(-c2ccc(C(=O)N3CCC[C@@H]3CN3CCCC3)cc2)cc1OCc1ccccc1Cl,CHEMBL1824869,5850.0
N#Cc1ccccc1COc1cc(-c2ccc(C(=O)N3CCC[C@@H]3CN3CCCC3)cc2)cnc1N,CHEMBL1824870,10000.0
Nc1ncc(-c2ccc(C(=O)N3CCC[C@@H]3CN3CCCC3)cc2)cc1OCc1ccccc1C(F)(F)F,CHEMBL1824871,7110.0
CC(C)(C)c1ccc(COc2cc(-c3ccc(C(=O)N4CCC[C@@H]4CN4CCCC4)cc3)cnc2N)cc1,CHEMBL1824872,8530.0
Nc1ncc(-c2ccc(C(=O)N3CCC[C@@H]3CN3CCCC3)cc2)cc1OCc1ccc(Cl)cc1Cl,CHEMBL1824873,410.0
Nc1ncc(-c2ccc(C(=O)N3CCC[C@@H]3CN3CCCC3)cc2)cc1OCc1c(F)cccc1Cl,CHEMBL1824874,8120.0
Nc1ncc(-c2ccc(C(=O)N3CCC[C@@H]3CN3CCCC3)cc2)cc1OCc1c(F)ccc(F)c1Cl,CHEMBL1824875,560.0
CC(Oc1cc(-c2ccc(C(=O)N3CCC[C@@H]3CN3CCCC3)cc2)cnc1N)c1c(F)ccc(F)c1Cl,CHEMBL1824876,390.0
CC(Oc1cc(-c2ccc(C(=O)N3CCC[C@@H]3CN3CCCC3)cc2)cnc1N)c1c(Cl)cccc1Cl,CHEMBL1824877,140.0
CC(Oc1cc(-c2ccc(C(=O)N3CCC[C@@H]3CN3CCCC3)cc2)cnc1N)c1c(Cl)ccc(F)c1Cl,CHEMBL1824878,20.0
CC(Oc1cccnc1N)c1c(Cl)ccc(F)c1Cl,CHEMBL1824879,7120.0
CC(Oc1cc(Br)cnc1N)c1c(Cl)ccc(F)c1Cl,CHEMBL1824880,9920.0
CC(Oc1cc(C#N)cnc1N)c1c(Cl)ccc(F)c1Cl,CHEMBL1824881,10000.0
CC(Oc1cc(NC(=O)c2ccccc2)cnc1N)c1c(Cl)ccc(F)c1Cl,CHEMBL1824882,2900.0
CC(Oc1cc(-c2ccccc2)cnc1N)c1c(Cl)ccc(F)c1Cl,CHEMBL1824883,1240.0
CC(Oc1cc(-c2ccc(C(=O)N3CCC(N4CCCC4)CC3)cc2)cnc1N)c1c(Cl)ccc(F)c1Cl,CHEMBL1824884,41.0
CC(Oc1cc(-c2ccc(C(=O)NCCN3CCCC3)cc2)cnc1N)c1c(Cl)ccc(F)c1Cl,CHEMBL1824885,114.0
CC(Oc1cc(-c2ccc(C(=O)N3C[C@@H](C)N[C@@H](C)C3)cc2)cnc1N)c1c(Cl)ccc(F)c1Cl,CHEMBL1824886,68.9
CC(Oc1cc(-n2cccn2)cnc1N)c1c(Cl)ccc(F)c1Cl,CHEMBL1824887,2640.0
CC(Oc1cc(-c2cn(C)cn2)cnc1N)c1c(Cl)ccc(F)c1Cl,CHEMBL1824888,1150.0
CC(Oc1cc(-c2nccs2)cnc1N)c1c(Cl)ccc(F)c1Cl,CHEMBL1824889,740.0
CC(Oc1cc(-c2cnoc2)cnc1N)c1c(Cl)ccc(F)c1Cl,CHEMBL1824890,520.0
CC(Oc1cc(-c2ccn[nH]2)cnc1N)c1c(Cl)ccc(F)c1Cl,CHEMBL1824891,597.0
CC(Oc1cc(-c2cn[nH]c2)cnc1N)c1c(Cl)ccc(F)c1Cl,CHEMBL1824892,62.4
Cc1n[nH]c(C)c1-c1cnc(N)c(OC(C)c2c(Cl)ccc(F)c2Cl)c1,CHEMBL1824893,333.0
CC(Oc1cc(-c2cnn(C)c2)cnc1N)c1c(Cl)ccc(F)c1Cl,CHEMBL1824894,43.8
CC(Oc1cc(-c2cnn(C(C)C)c2)cnc1N)c1c(Cl)ccc(F)c1Cl,CHEMBL1821759,35.6
CC(Oc1cc(-c2cnn(C(C)(C)C(=O)NCCN(C)C)c2)cnc1N)c1c(Cl)ccc(F)c1Cl,CHEMBL1824895,65.3
CC(Oc1cc(-c2cnn(CC(=O)NCCCN(C)C)c2)cnc1N)c1c(Cl)ccc(F)c1Cl,CHEMBL1825130,76.0
CC(Oc1cc(-c2cnn(CC3(O)CCOCC3)c2)cnc1N)c1c(Cl)ccc(F)c1Cl,CHEMBL1825131,40.6
CC(Oc1cc(-c2cnn(CC3CNC3)c2)cnc1N)c1c(Cl)ccc(F)c1Cl,CHEMBL1825132,45.3
CC(Oc1cc(-c2cnn(CC3CN(CC(N)=O)C3)c2)cnc1N)c1c(Cl)ccc(F)c1Cl,CHEMBL1825133,52.6
CC(Oc1cc(-c2cnn(C3CNC3)c2)cnc1N)c1c(Cl)ccc(F)c1Cl,CHEMBL1825134,58.7
CC(Oc1cc(-c2cnn([C@H]3CCNC3)c2)cnc1N)c1c(Cl)ccc(F)c1Cl,CHEMBL1825135,43.8
CC(Oc1cc(-c2cnn(C3CCCNC3)c2)cnc1N)c1c(Cl)ccc(F)c1Cl,CHEMBL1825136,25.0
CC(Oc1cc(-c2cnn(C3CCOCC3)c2)cnc1N)c1c(Cl)ccc(F)c1Cl,CHEMBL1825137,39.8
CC(Oc1cc(-c2cnn(C3CCNCC3)c2)cnc1N)c1c(Cl)ccc(F)c1Cl,CHEMBL1825138,18.3
C[C@@H](Oc1cc(-c2cnn(C3CCNCC3)c2)cnc1N)c1c(Cl)ccc(F)c1Cl,CHEMBL601719,8.0
Cc1[nH]c(/C=C2\C(=O)Nc3ccc(S(=O)(=O)N(C)c4cccc(Cl)c4)cc32)c(C)c1C(=O)N1CCN(C)CC1,CHEMBL261641,10.0
CCN1CCN(c2ccc(Nc3cc(N(C)C(=O)Nc4c(Cl)c(OC)cc(OC)c4Cl)ncn3)cc2)CC1.O=P(O)(O)O,CHEMBL1834657,3011.0
CC(C)(O)CC(=O)NCCn1ccc2ncnc(Nc3ccc(Oc4cccc(C(F)(F)F)c4)c(Cl)c3)c21,CHEMBL1614725,4200.0
O=C(Cc1cc(C(F)(F)F)cc(C(F)(F)F)c1)N[C@@H](Cc1ccccc1)C(=O)Nc1ccc(-c2cn3c(n2)sc2ccccc23)cc1,CHEMBL1927770,171.0
O=C(Cc1cc(C(F)(F)F)cc(C(F)(F)F)c1)N[C@H](Cc1ccccc1)C(=O)Nc1ccc(-c2cn3c(n2)sc2ccccc23)cc1,CHEMBL1927771,206.0
Cc1cc(C)cc(CC(=O)N[C@H](Cc2ccccc2)C(=O)Nc2ccc(-c3cn4c(n3)sc3ccccc34)cc2)c1,CHEMBL1927769,559.0
Cc1cc(C)cc(CC(=O)N[C@@H](Cc2ccccc2)C(=O)Nc2ccc(-c3cn4c(n3)sc3ccccc34)cc2)c1,CHEMBL1927768,607.0
O=C(Cc1cc(F)cc(F)c1)N[C@@H](Cc1ccccc1)C(=O)Nc1ccc(-c2cn3c(n2)sc2ccccc23)cc1,CHEMBL1927772,760.0
Cc1cc(C)cc(CC(=O)N[C@@H](Cc2ccccc2)C(=O)Nc2ccc(-c3cn4c5c(sc4n3)CCCC5)cc2)c1,CHEMBL1927625,793.0
O=C(Cc1cc(C(F)(F)F)cc(C(F)(F)F)c1)N[C@@H](Cc1ccccc1)C(=O)Nc1ccc(-c2cn3c(n2)sc2cc(Br)ccc23)cc1,CHEMBL1927778,7300.0
CNC(=O)c1cccc(F)c1Nc1nc(Nc2ccc3c(c2)NC(=O)C(NC(=O)C(F)(F)F)CC3(C)C)ncc1Cl.O=C(O)C(F)(F)F,CHEMBL1939320,16.0
CNC(=O)c1cccc(F)c1Nc1nc(Nc2ccc3c(c2)NC(=O)C(N)CC3(C)C)ncc1Cl,CHEMBL1939321,12.0
CNC(=O)c1cccc(F)c1Nc1nc(Nc2ccc3c(c2)NC(=O)C(NC(=O)CN(C)C)CC3(C)C)ncc1Cl.O=C(O)C(F)(F)F,CHEMBL1939481,11.0
CNC(=O)c1cccc(F)c1Nc1nc(Nc2ccc3c(c2)NC(=O)C(NC(C)=O)CC3(C)C)ncc1Cl.O=C(O)C(F)(F)F,CHEMBL1939482,18.0
CNC(=O)c1cccc(F)c1Nc1nc(Nc2ccc3c(c2)NC(=O)C(NC(=O)COC)CC3(C)C)ncc1Cl.O=C(O)C(F)(F)F,CHEMBL1939483,22.0
CNC(=O)c1cccc(F)c1Nc1nc(Nc2ccc3c(c2)NC(=O)C(NC(=O)N2CCCC2)CC3(C)C)ncc1Cl.O=C(O)C(F)(F)F,CHEMBL1939484,16.0
CNC(=O)c1cccc(F)c1Nc1nc(Nc2ccc3c(c2)NC(=O)C(NC(=O)OC)CC3(C)C)ncc1Cl.O=C(O)C(F)(F)F,CHEMBL1939485,20.0
CNC(=O)c1cccc(F)c1Nc1nc(Nc2ccc3c(c2)NC(=O)[C@H](NC(=O)C(F)(F)F)CC3(C)C)ncc1Cl,CHEMBL1939486,12.0
CNC(=O)c1cccc(F)c1Nc1nc(Nc2ccc3c(c2)NC(=O)[C@@H](NC(=O)C(F)(F)F)CC3(C)C)ncc1Cl,CHEMBL1939487,17.0
CNC(=O)c1cccc(F)c1Nc1nc(Nc2ccc3c(c2)NC(=O)[C@H](NC(=O)COC)CC3(C)C)ncc1Cl,CHEMBL1939488,34.0
CNC(=O)c1cccc(F)c1Nc1nc(Nc2ccc3c(c2)NC(=O)[C@@H](NC(=O)COC)CC3(C)C)ncc1Cl,CHEMBL1939489,26.0
CNC(=O)c1cccc(F)c1Nc1nc(Nc2ccc3c(c2)NC(=O)[C@H](NC(=O)N2CCCC2)CC3(C)C)ncc1Cl,CHEMBL1939491,26.0
CNC(=O)c1cccc(F)c1Nc1nc(Nc2ccc3c(c2)NC(=O)[C@@H](NC(=O)N2CCCC2)CC3(C)C)ncc1Cl,CHEMBL1939492,34.0
CNC(=O)c1cccc(F)c1Nc1nc(Nc2ccc3c(c2)NC(=O)[C@H](NC(=O)OC)CC3(C)C)ncc1Cl,CHEMBL1939493,7.0
CNC(=O)c1cccc(F)c1Nc1nc(Nc2ccc3c(c2)NC(=O)[C@@H](NC(=O)OC)CC3(C)C)ncc1Cl,CHEMBL1939494,12.0
CN1CCC2(CC1)C(=O)Nc1ccc(-c3cnc4nnn(Cc5ccc6ncccc6c5)c4n3)cc12,CHEMBL1950193,4770.0
CN1CCC2(CC1)C(=O)Nc1ccc(-c3ccc4[n+](n3)C(Cc3ccc5ncccc5c3)N=N4)cc12,CHEMBL1950194,5320.0
CN1CCC2(CC1)C(=O)Nc1ccc(-c3ncc4nnn(Cc5ccc6ncccc6c5)c4n3)cc12,CHEMBL1950195,140000.0
CN1CCC2(CC1)C(=O)Nc1ccc(-c3ncc4ncn(Cc5ccc6ncccc6c5)c4n3)cc12,CHEMBL1950196,1100000.0
CN1CCC2(CC1)C(=O)Nc1cc(-c3cnc4nnn(Cc5ccc6ncccc6c5)c4n3)ccc12,CHEMBL1950197,1560.0
CN1CCC2(CC1)C(=O)Nc1cc(-c3ccc4[n+](n3)C(Cc3ccc5ncccc5c3)N=N4)ccc12,CHEMBL1950198,3800.0
CN1CCC2(CC1)C(=O)Nc1cc(-c3ncc4nnn(Cc5ccc6ncccc6c5)c4n3)ccc12,CHEMBL1950199,1200000.0
CN1CCC2(CC1)C(=O)Nc1cc(-c3ncc4ncn(Cc5ccc6ncccc6c5)c4n3)ccc12,CHEMBL1950200,1400000.0
CC(C)n1c2c(c3c1-c1ccccc1C3=O)C(=O)CCC2,CHEMBL1957190,35000.0
O=c1oc2c(O)c(O)cc3c(=O)oc4c(O)c(O)cc1c4c23,CHEMBL6246,580.0
CCCn1c(C)c(C(=O)Nc2ccc(Oc3ccnc4cc(OC)ccc34)cn2)c(=O)n1-c1ccccc1,CHEMBL2032022,69.5
CCn1c(C)c(C(=O)Nc2ccc(Oc3ccnc4cc(OC)ccc34)cn2)c(=O)n1-c1ccccc1,CHEMBL2032021,106.0
CCn1c(C)c(C(=O)Nc2ccc(Oc3ccnc4cc(OC)ccc34)c(F)c2)c(=O)n1-c1ccccc1,CHEMBL2032020,62.5
COc1ccc2c(Oc3ccc(NC(=O)c4c(-c5csc(C)n5)n(C)n(-c5ccccc5)c4=O)nc3)ccnc2c1,CHEMBL2032019,23.4
COc1ccc2c(Oc3ccc(NC(=O)c4c(-c5cc(C)on5)n(C)n(-c5ccccc5)c4=O)nc3)ccnc2c1,CHEMBL2032018,29.5
COc1ccc2c(Oc3ccc(NC(=O)c4c(-c5cnccn5)n(C)n(-c5ccccc5)c4=O)nc3)ccnc2c1,CHEMBL2032017,31.5
COc1ccc2c(Oc3ccc(NC(=O)c4c(-c5cccnc5)n(C)n(-c5ccccc5)c4=O)nc3)ccnc2c1,CHEMBL2032016,24.1
COc1ccc2c(Oc3ccc(NC(=O)c4c(-c5ccccn5)n(C)n(-c5ccccc5)c4=O)nc3)ccnc2c1,CHEMBL2032015,21.6
COc1ccc2c(Oc3ccc(NC(=O)c4c(-c5ccncc5)n(C)n(-c5ccccc5)c4=O)nc3)ccnc2c1,CHEMBL2032014,18.4
COc1ccc2c(Oc3ccc(NC(=O)c4c(C5CCOCC5)n(C)n(-c5ccccc5)c4=O)nc3)ccnc2c1,CHEMBL2032013,37.6
COc1ccc2c(Oc3ccc(NC(=O)c4c(C5CCOCC5)n(C)n(-c5ccccc5)c4=O)cc3F)ccnc2c1,CHEMBL2031913,39.8
COc1ccc2c(Oc3ccc(NC(=O)c4c(C5CCOC5)n(C)n(-c5ccccc5)c4=O)cc3F)ccnc2c1,CHEMBL2031912,33.7
COc1ccc2c(Oc3ccc(NC(=O)c4c(C5CCCO5)n(C)n(-c5ccccc5)c4=O)cc3F)ccnc2c1,CHEMBL2031911,64.6
COc1ccc2c(Oc3ccc(NC(=O)c4c([C@@H]5CCCN5)n(C)n(-c5ccccc5)c4=O)cc3F)ccnc2c1,CHEMBL2031909,327.0
COc1ccc2c(Oc3ccc(NC(=O)c4c(CN5CCCC5)n(C)n(-c5ccccc5)c4=O)nc3)ccnc2c1,CHEMBL2031907,66.4
COc1ccc2c(Oc3ccc(NC(=O)c4c(CN5CCCC5)n(C)n(-c5ccccc5)c4=O)cc3F)ccnc2c1,CHEMBL2031906,83.9
CCN(C)Cc1c(C(=O)Nc2ccc(Oc3ccnc4cc(OC)ccc34)c(F)c2)c(=O)n(-c2ccccc2)n1C,CHEMBL2031905,76.7
COc1ccc2c(Oc3ccc(NC(=O)c4c(CN)n(C)n(-c5ccccc5)c4=O)cc3F)ccnc2c1,CHEMBL2031903,42.0
COc1ccc2c(Oc3ccc(NC(=O)c4c(C)n(C)n(-c5ccccc5)c4=O)nc3)ccnc2c1,CHEMBL2031901,83.0
COc1cc2nccc(Oc3ccc(NC(=O)c4c(C)n(C)n(-c5ccccc5)c4=O)nc3)c2cc1OC,CHEMBL2031900,71.2
COc1ccc2c(Oc3ccc(NC(=O)c4c(C)n(C)n(-c5ccccc5)c4=O)c(OC)c3)ccnc2c1,CHEMBL2031899,114.0
COc1cc2nccc(Oc3ccc(NC(=O)c4c(C)n(C)n(-c5ccccc5)c4=O)c(Cl)c3)c2cc1OC,CHEMBL2031898,177.0
COc1cc2nccc(Oc3ccc(NC(=O)c4c(C)n(C)n(-c5ccccc5)c4=O)cn3)c2cc1OC,CHEMBL2031897,417.0
CCc1cc2c(Oc3ccc(NC(=O)c4c(C)n(C)n(-c5ccccc5)c4=O)cc3F)ccnc2cc1OC,CHEMBL2031896,534.0
COc1cc2nccc(Oc3ccc(NC(=O)c4c(C)n(C)n(-c5ccccc5)c4=O)cc3F)c2cc1C,CHEMBL2031895,461.0
COc1cc2nccc(Oc3ccc(NC(=O)c4c(C)n(C)n(-c5ccccc5)c4=O)cc3F)c2cc1Br,CHEMBL2031894,652.0
COc1cc2nccc(Oc3ccc(NC(=O)c4c(C)n(C)n(-c5ccccc5)c4=O)cc3F)c2cc1OC,CHEMBL2031893,20.2
COc1cc2nccc(Oc3ccc(NC(=O)C4CCN(c5ccccc5)C4=O)cc3F)c2cc1OC,CHEMBL2032033,123.0
COc1cc2nccc(Oc3ccc(NC(=O)C4(C)CCN(c5ccccc5)C4=O)cc3F)c2cc1OC,CHEMBL2032034,667.0
COc1cc2nccc(Oc3ccc(NC(=O)C4(F)CCN(c5ccccc5)C4=O)cc3F)c2cc1OC,CHEMBL2032035,3925.0
COc1cc2nccc(Oc3ccc(NC(=O)C4CCN(Cc5ccccc5)C4=O)cc3F)c2cc1OC,CHEMBL2032036,1111.0
COc1cc2nccc(Oc3ccc(NC(=O)N4CCC(Cc5ccccc5)C4=O)cc3F)c2cc1OC,CHEMBL2032037,592.0
COc1cc2nccc(Oc3ccc(N(C)C(=O)c4c(C)n(C)n(-c5ccccc5)c4=O)cc3F)c2cc1OC,CHEMBL2032038,20000.0
COc1cc2nccc(Oc3ccc(-c4cnc(Nc5ccccc5)n(C)c4=O)cc3F)c2cc1OC,CHEMBL518208,204.0
COc1ccc2c(Oc3ccc(NC(=O)c4c(C)n(CC5CNC(=O)O5)n(-c5ccccc5)c4=O)cc3F)ccnc2c1,CHEMBL2032032,116.0
COc1ccc2c(Oc3ccc(NC(=O)c4c(C)n(CC(O)CN)n(-c5ccccc5)c4=O)cc3F)ccnc2c1,CHEMBL2032031,63.1
COc1ccc2c(Oc3ccc(NC(=O)c4c(C)n(CC(O)C(C)C)n(-c5ccccc5)c4=O)cc3F)ccnc2c1,CHEMBL2032030,56.0
CC[C@H](O)Cn1c(C)c(C(=O)Nc2ccc(Oc3ccnc4cc(OC)ccc34)c(F)c2)c(=O)n1-c1ccccc1,CHEMBL2029375,38.0
COc1ccc2c(Oc3ccc(NC(=O)c4c(C)n(CC(C)O)n(-c5ccccc5)c4=O)nc3)ccnc2c1,CHEMBL2032029,45.4
COc1ccc2c(Oc3ccc(NC(=O)c4c(C)n(CC(C)O)n(-c5ccccc5)c4=O)cc3F)ccnc2c1,CHEMBL2032028,52.0
COCCn1c(C)c(C(=O)Nc2ccc(Oc3ccnc4cc(OC)ccc34)cn2)c(=O)n1-c1ccccc1,CHEMBL2032027,89.3
COc1ccc2c(Oc3ccc(NC(=O)c4c(C)n(CCO)n(-c5ccccc5)c4=O)nc3)ccnc2c1,CHEMBL2032026,95.8
COc1ccc2c(Oc3ccc(NC(=O)c4c(C)n(CCO)n(-c5ccccc5)c4=O)cc3F)ccnc2c1,CHEMBL2032025,47.5
COc1ccc2c(Oc3ccc(NC(=O)c4c(C)n(CCN)n(-c5ccccc5)c4=O)cc3F)ccnc2c1,CHEMBL2032024,195.0
C=C(C)Cn1c(C)c(C(=O)Nc2ccc(Oc3ccnc4cc(OC)ccc34)c(F)c2)c(=O)n1-c1ccccc1,CHEMBL2032023,23.9
Cc1cc(-n2ccc3nnn(Cc4ccc5ncccc5c4)c3c2=O)sn1,CHEMBL2029561,5.0
COc1cnc2ccc(Cn3nnc4ccn(-c5cc(C)ns5)c(=O)c43)cc2c1,CHEMBL2029562,3.0
COCCOc1cnc2ccc(Cn3nnc4ccn(-c5cc(C)ns5)c(=O)c43)cc2c1,CHEMBL2029563,2.0
Cc1cc(-n2ccc3nnn([C@@H](C)c4ccc5ncccc5c4)c3c2=O)sn1,CHEMBL2029564,3.0
COc1cnc2ccc([C@H](C)n3nnc4ccn(-c5cc(C)ns5)c(=O)c43)cc2c1,CHEMBL2029565,2.0
COCCOc1cnc2ccc([C@H](C)n3nnc4ccn(-c5cc(C)ns5)c(=O)c43)cc2c1,CHEMBL2029678,2.0
COCCOc1cnc2ccc(Cn3nnc4ccn(-c5cccs5)c(=O)c43)cc2c1,CHEMBL2029679,102.0
COCCOc1cnc2ccc([C@H](C)n3nnc4ccn(-c5cccs5)c(=O)c43)cc2c1,CHEMBL2029680,12.0
Cc1csc(-n2ccc3nnn([C@@H](C)c4ccc5ncccc5c4)c3c2=O)c1,CHEMBL2029681,17.0
Cc1ccc(-n2ccc3nnn([C@@H](C)c4ccc5ncccc5c4)c3c2=O)s1,CHEMBL2029682,39.0
C[C@@H](c1ccc2ncccc2c1)n1nnc2ccn(-c3cnn(C)c3)c(=O)c21,CHEMBL2029683,37.0
COc1cnc2ccc(Cn3nnc4ccn(-c5cc(F)cc(F)c5)c(=O)c43)cc2c1,CHEMBL2029684,110.0
COCCOc1cnc2ccc(Cn3nnc4ccn(-c5cc(F)cc(F)c5)c(=O)c43)cc2c1,CHEMBL2029685,14.0
COCCOc1cnc2ccc([C@H](C)n3nnc4ccn(-c5cc(F)cc(F)c5)c(=O)c43)cc2c1,CHEMBL2029686,3.0
COCCOc1cnc2ccc([C@H](C)n3nnc4ccn(-c5ccc(F)c(F)c5)c(=O)c43)cc2c1,CHEMBL2029687,3.0
Cn1cc(-c2cnc3ccc4ccc(CS(=O)(=O)NCc5ccccn5)cc4c(=O)c3c2)cn1,CHEMBL2323775,10000.0
COc1cc2c(Oc3ccc(-c4cnc(Cc5ccccc5)n(C)c4=O)cc3F)ccnc2cc1OCCCN1CCOCC1,CHEMBL505896,8.9
Cc1cc(Nc2ncc(Cl)c(Nc3ccccc3S(=O)(=O)C(C)C)n2)c(OC(C)C)cc1C1CCNCC1,CHEMBL2403108,1339.0
C[C@H](Oc1c(N)ncc2c(-c3cnn(C4CCNCC4)c3)coc12)c1c(Cl)ccc(F)c1Cl,CHEMBL2401814,7400.0
CCC(Oc1c(N)ncc2c(-c3cnn(C4CCNCC4)c3)coc12)c1c(Cl)ccc(F)c1Cl,CHEMBL2401740,2200.0
C=CCC(Oc1c(N)ncc2c(-c3cnn(C4CCNCC4)c3)coc12)c1c(Cl)ccc(F)c1Cl,CHEMBL2401817,2100.0
C[C@@H](Oc1c(N)ncc2c(C3=CCN(C(N)=O)CC3)coc12)c1c(Cl)ccc(F)c1Cl,CHEMBL2401832,600.0
C#CCC(Oc1c(N)ncc2c(-c3cnn(C4CCNCC4)c3)coc12)c1c(Cl)ccc(F)c1Cl,CHEMBL2401818,560.0
CC(Oc1c(N)ncc2c(-c3cnn(C4CCNCC4)c3)coc12)c1c(Cl)ccc(F)c1Cl,CHEMBL2401834,560.0
C[C@@H](Oc1c(N)ncc2c(C3=CCN(S(N)(=O)=O)CC3)coc12)c1c(Cl)ccc(F)c1Cl,CHEMBL2401833,550.0
C[C@@H](Oc1c(N)ncc2c(-c3cnn(C4CCNCC4)c3)coc12)c1c(Cl)ccc(F)c1Cl,CHEMBL2401813,410.0
Nc1ncc2c(-c3cnn(C4CCNCC4)c3)coc2c1OCc1c(Cl)ccc(F)c1Cl,CHEMBL2401815,10000.0
C[C@@H](c1ccc2ncccc2c1)c1nnc2ccc(-c3cnn(C)c3)nn12,CHEMBL2431819,6.0
Fc1ccc(-c2ccc3nnc(Cc4ccc5ncccc5c4)n3n2)cc1F,CHEMBL2431839,48.0
N#Cc1cccc(-c2ccc3nnc(Cc4ccc5ncccc5c4)n3n2)c1,CHEMBL2429888,19.0
N#Cc1ccc(-c2ccc3nnc(Cc4ccc5ncccc5c4)n3n2)cc1,CHEMBL2431840,44.0
Cn1cc(-c2ccc3nnc(Cc4ccc5ncccc5c4)n3n2)cn1,CHEMBL2431841,44.0
Cn1cc(-c2cnc3nnn(Cc4ccc5ncccc5c4)c3n2)cn1,CHEMBL2170816,1.0
Nc1ccc2nnc(Cc3ccc4ncccc4c3)n2n1,CHEMBL2431820,2500.0
Nc1cnc2nnn(Cc3ccc4ncccc4c3)c2n1,CHEMBL2170953,34.0
CN(C)c1ccc2nnc(Cc3ccc4ncccc4c3)n2n1,CHEMBL2431821,349.0
C[C@@H](c1ccc2ncccc2c1)c1nnc2ccc(-c3ccc(F)c(F)c3)nn12,CHEMBL2431822,12.0
COc1ccc(-c2ccc3nnc([C@@H](C)c4ccc5ncccc5c4)n3n2)cc1F,CHEMBL2431823,8.0
COc1ccc(-c2ccc3nnc([C@@H](C)c4ccc5ncccc5c4)n3n2)cc1C,CHEMBL2431824,9.0
Cc1cccc(-c2ccc3nnc([C@@H](C)c4ccc5ncccc5c4)n3n2)c1,CHEMBL2431825,11.0
C[C@@H](c1ccc2ncccc2c1)c1nnc2ccc(-c3cccc(C#N)c3)nn12,CHEMBL2431826,4.0
C[C@@H](c1ccc2ncccc2c1)c1nnc2ccc(-c3ccc(C#N)cc3)nn12,CHEMBL2431827,12.0
C[C@@H](c1ccc2ncccc2c1)c1nnc2ccc(-c3ccccc3C#N)nn12,CHEMBL2431828,5.0
C[C@@H](c1ccc2ncccc2c1)c1nnc2ccc(-c3ccc4c(c3)OCCO4)nn12,CHEMBL2431829,6.0
CNC(=O)c1ccc(-c2ccc3nnc([C@@H](C)c4ccc5ncccc5c4)n3n2)cc1,CHEMBL2431830,15.0
CCS(=O)(=O)c1ccc(-c2ccc3nnc([C@@H](C)c4ccc5ncccc5c4)n3n2)cc1,CHEMBL2431831,36.0
C[C@@H](c1ccc2ncccc2c1)c1nnc2ccc(-c3ccc(S(C)(=O)=O)cc3)nn12,CHEMBL2431832,24.0
C[C@@H](c1ccc2ncccc2c1)c1nnc2ccc(-c3ccc(N(C)C)nc3)nn12,CHEMBL2431833,25.0
C[C@@H](c1ccc2ncccc2c1)n1nnc2ncc(-c3cnn(C)c3)nc21,CHEMBL2431834,0.7
C[C@@H](c1ccc2ncccc2c1)n1nnc2ncc(-c3cnn(CCO)c3)nc21,CHEMBL2431835,0.5
CC(C)Nc1ccc2nnc([C@@H](C)c3ccc4ncccc4c3)n2n1,CHEMBL2431836,23.0
Cn1cc(-c2ccc3nnc(Cc4c[nH]c5ncccc45)n3n2)cn1,CHEMBL2431837,209.0
C[C@@H](c1c[nH]c2ncccc12)c1nnc2ccc(-c3cnn(C)c3)nn12,CHEMBL2431838,17.6
C[C@@H](c1c[nH]c2ncccc12)c1nnc2ccc(-c3ccc(C#N)cc3)nn12,CHEMBL2431815,23.0
CC(C)Nc1ccc2nnc([C@@H](C)c3c[nH]c4ncccc34)n2n1,CHEMBL2431816,19.0
CCNc1ccc2nnc([C@@H](C)c3c[nH]c4ncccc34)n2n1,CHEMBL2431817,25.4
Oc1ccc(Cc2nnc3ccc(-c4ccc(F)cc4)nn23)cc1,CHEMBL2431818,1310.0
C[C@@H](Oc1cc(-c2ccc3c(c2)NC(=O)C32CCN(C)CC2)cnc1N)c1c(Cl)ccc(F)c1Cl,CHEMBL3091723,22.0
CN1CCC2(CC1)C(=O)Nc1cc(-c3cnc(N)c(OCc4c(Cl)ccc(F)c4Cl)c3)ccc12,CHEMBL3091719,9000.0
CN1CCC2(CC1)C(=O)Nc1ccc(-c3cnc(N)c(OCc4c(Cl)ccc(F)c4Cl)c3)cc12,CHEMBL3091720,10000.0
C[C@@H](Oc1nc(-c2ccc3c(c2)NC(=O)C32CCN(C)CC2)cnc1N)c1c(Cl)ccc(F)c1Cl,CHEMBL3091721,12.0
C[C@@H](Oc1nc(-c2ccc3c(c2)C2(CCN(C)CC2)C(=O)N3)cnc1N)c1c(Cl)ccc(F)c1Cl,CHEMBL3091722,23.0
C[C@@H](Oc1cc(-c2ccc3c(c2)C2(CCN(C)CC2)C(=O)N3)cnc1N)c1c(Cl)ccc(F)c1Cl,CHEMBL3091724,20.0
Cn1cc(-c2cnc3ncn(Cc4ccc5ncccc5c4)c3n2)cn1,CHEMBL3334553,120.0
OCCn1cc(-c2cnc3nnn(Cc4c[nH]c5ncccc45)c3n2)cn1,CHEMBL3334556,10.0
Cn1cc(-c2cnc3nnn(Cc4n[nH]c5ncccc45)c3n2)cn1,CHEMBL3334557,6.0
Cn1cc(-c2cnc3nnn(Cc4cc5cnccc5s4)c3n2)cn1,CHEMBL3334560,61.0
Cn1cc(-c2cnc3nnn(Cc4cc5[nH]ncc5s4)c3n2)cn1,CHEMBL3334541,19.0
Cn1cc(-c2cnc3nnn(Cc4ccc5nccn5c4)c3n2)cn1,CHEMBL3334542,11.0
Cn1cc(-c2cnc3nnn(Cc4ccc5ncnn5c4)c3n2)cn1,CHEMBL3334544,77.0
Cn1cc(-c2cnc3nnn(Cc4ccc5nccn5n4)c3n2)cn1,CHEMBL3334545,63.0
Cn1cc(-c2cnc3nnn(Cc4ccn5nccc5c4)c3n2)cn1,CHEMBL3334546,20.0
OCCn1cc(-c2cnc3nnn(Cc4n[nH]c5ncccc45)c3n2)cn1,CHEMBL3334549,26.0
OCCn1cc(-c2cnc3nnn(Cc4ccc5nccn5c4)c3n2)cn1,CHEMBL3334550,33.0
OCCn1cc(-c2cnc3nnn(Cc4ccn5nccc5c4)c3n2)cn1,CHEMBL3334551,7.0
FC(F)(F)Cn1cc(-c2cnc3nnn(Cc4n[nH]c5ncccc45)c3n2)cn1,CHEMBL3334552,8.0
FC(F)(F)Cn1cc(-c2cnc3nnn(Cc4ccc5nccn5c4)c3n2)cn1,CHEMBL3334540,7.0
FC(F)(F)Cn1cc(-c2cnc3nnn(Cc4ccn5nccc5c4)c3n2)cn1,CHEMBL3334561,10.0
N#Cc1ccc(-c2cnc3nnn(Cc4n[nH]c5ncccc45)c3n2)cn1,CHEMBL3334562,31.0
N#Cc1ccc(-c2cnc3nnn(Cc4ccc5nccn5c4)c3n2)cn1,CHEMBL3334563,26.0
Fc1ccc(-c2cnc3nnn(Cc4n[nH]c5ncccc45)c3n2)cc1,CHEMBL3334564,12.0
Fc1ccc(-c2cnc3nnn(Cc4ccc5nccn5c4)c3n2)cc1,CHEMBL3334565,12.0
C[C@@H](c1ccc2nccn2c1)n1nnc2ncc(-c3cnn(C)c3)nc21,CHEMBL3334567,3.0
C[C@H](c1ccc2nccn2c1)n1nnc2ncc(-c3cnn(C)c3)nc21,CHEMBL3334568,32.0
C[C@@H](c1ccn2nccc2c1)n1nnc2ncc(-c3cnn(CCO)c3)nc21,CHEMBL3334569,3.0
C[C@H](c1ccn2nccc2c1)n1nnc2ncc(-c3cnn(CCO)c3)nc21,CHEMBL3334570,27.0
CN1CCC(COc2cnc(-c3cccc(Cn4nc(-c5cccc(C#N)c5)ccc4=O)c3)nc2)CC1,CHEMBL3402762,12.0
N#Cc1cccc(-c2ccc(=O)n(Cc3cccc(-c4ncc(OCCN5CCOCC5)cn4)c3)n2)c1,CHEMBL3402761,34.0
CN(C)CCCOc1cnc(-c2cccc(Cn3nc(-c4cccc(C#N)c4)ccc3=O)c2)nc1,CHEMBL3402760,15.0
COc1cccc(-c2ccc(=O)n(Cc3cccc(-c4ncc(OCCCN(C)C)cn4)c3)n2)c1,CHEMBL3402759,200.0
CN(C)CCCOc1cnc(-c2cccc(Cn3nc(-c4cccnc4)ccc3=O)c2)nc1,CHEMBL3402758,28.0
CN(C)CCCOc1cnc(-c2cccc(Cn3nc(-c4cccc(F)c4)ccc3=O)c2)nc1,CHEMBL3402757,140.0
CN(C)CCCOc1cnc(-c2cccc(Cn3nc(-c4cc(F)cc(F)c4)ccc3=O)c2)nc1,CHEMBL3402756,15.0
Cc1cnc(-c2cccc(Cn3nc(-c4cc(F)cc(F)c4)ccc3=O)c2)nc1,CHEMBL3402754,1.0
CN(C)CCCOC(=O)Nc1cccc(Cn2nc(-c3cc(F)cc(F)c3)ccc2=O)c1,CHEMBL3402743,150.0
CN(C)CCCOC(=O)Nc1cccc(CN2N=C(c3cc(F)cc(F)c3)CSC2=O)c1,CHEMBL3402742,78.0
CCN(CC)CCCOC(=O)Nc1cccc(CN2N=C(c3ccc(OC)c(OC)c3)CSC2=O)c1,CHEMBL3402741,1100.0
CC[C@@H](c1ccc2ncc(OC)cc2c1)c1nnc2c(F)cc(-c3cc(C)no3)cn12,CHEMBL3414929,67.0
COCCOc1cnc2ccc([C@H](C)c3nnc4c(F)cc(-c5cc(C)no5)cn34)cc2c1,CHEMBL3414926,5.0
COc1cnc2ccc([C@H](C)c3nnc4c(F)cc(-c5cc(C)no5)cn34)cc2c1,CHEMBL3414925,6.0
COc1cnc2ccc([C@H](C)c3nnc4c(F)cc(-c5cnn(C)c5)cn34)cc2c1,CHEMBL3414923,15.0
COc1cnc2ccc([C@H](C)c3nnc4c(F)cc(-c5cn(C)cn5)cn34)cc2c1,CHEMBL3414922,4.0
COc1cnc2ccc([C@H](C)c3nnc4c(F)cc(-c5cc(C)ns5)cn34)cc2c1,CHEMBL3414921,22.0
Cc1cc(-c2cc(F)c3nnc([C@@H](C)c4ccc5ncccc5c4)n3c2)sn1,CHEMBL3414920,12.0
COc1cnc2ccc([C@@](C)(F)c3nnc4c(F)cc(-c5cnn(C)c5)cn34)cc2c1,CHEMBL3414919,7.0
COc1cnc2ccc([C@@](C)(F)c3nnc4c(F)cc(-c5cc(C)no5)cn34)cc2c1,CHEMBL3414918,3.0
COc1cnc2ccc([C@@](C)(F)c3nnc4c(F)cc(-c5cc(C)ns5)cn34)cc2c1,CHEMBL3414917,4.0
Cc1cc(-c2cc(F)c3nnc([C@](C)(F)c4ccc5ncccc5c4)n3c2)sn1,CHEMBL3414577,6.0
COc1cnc2ccc(C(F)(F)c3nnc4c(F)cc(-c5cnn(C)c5)cn34)cc2c1,CHEMBL3414915,13.0
COc1cnc2ccc(C(F)(F)c3nnc4c(F)cc(-c5cscn5)cn34)cc2c1,CHEMBL3414914,7.0
COc1cnc2ccc(C(F)(F)c3nnc4c(F)cc(-c5cc(C)no5)cn34)cc2c1,CHEMBL3414913,8.0
Fc1cc(-c2cnn(C3CC3)c2)cn2c(C(F)(F)c3ccc4ncccc4c3)nnc12,CHEMBL3414740,25.0
Cn1cc(-c2cc(F)c3nnc(C(F)(F)c4ccc5ncccc5c4)n3c2)cn1,CHEMBL3414739,15.0
Fc1cc(-c2cscn2)cn2c(C(F)(F)c3ccc4ncccc4c3)nnc12,CHEMBL3414738,7.0
Cc1ncc(-c2cc(F)c3nnc(C(F)(F)c4ccc5ncccc5c4)n3c2)s1,CHEMBL3414737,35.0
Cc1cc(-c2cc(F)c3nnc(C(F)(F)c4ccc5ncccc5c4)n3c2)on1,CHEMBL3414736,9.0
Fc1cc(-c2ccccn2)cn2c(C(F)(F)c3ccc4ncccc4c3)nnc12,CHEMBL3414735,32.0
Cn1cnc(-c2cc3nccc(Oc4ccc(NC(=O)c5cnn(-c6ccc(F)cc6)c5C(F)(F)F)cc4F)c3s2)c1,CHEMBL3582037,4370.0
Cn1cnc(-c2cc3nccc(Oc4ccc(NC(=O)c5cn(-c6ccccc6)nc5C(F)(F)F)cc4F)c3s2)c1,CHEMBL3582036,3770.0
Cn1cnc(-c2cc3nccc(Oc4ccc(NC(=O)c5nnn(-c6ccccc6)c5C(F)(F)F)cc4F)c3s2)c1,CHEMBL3582035,670.0
Cn1cnc(-c2cc3nccc(Oc4ccc(NC(=O)c5ncn(-c6ccccc6)c5C(F)(F)F)cc4F)c3s2)c1,CHEMBL3582034,2400.0
COc1cc2nccc(Oc3ccc(NC(=O)c4cnn(-c5ccccc5)c4C(F)(F)F)cc3F)c2cc1OC,CHEMBL1087984,1060.0
OC1CCN(c2cc(-c3cnc4ccc(N5CCC[C@@H]5c5cccc(F)c5)nn34)ccn2)CC1,CHEMBL3582442,5700.0
O=C(O)CN1CCN(c2cc(-c3cnc4ccc(N5CCC[C@@H]5c5cccc(F)c5)nn34)ccn2)CC1,CHEMBL3582441,4300.0
Fc1cccc([C@H]2CCCN2c2ccc3ncc(-c4ccccn4)n3n2)c1,CHEMBL3582439,7700.0
N#Cc1ccc(-c2cnc3ccc(NCc4ccccc4)nn23)cc1,CHEMBL3582427,5100.0
Cn1cnc(-c2cc3nccc(Oc4ccc(NC(=O)c5cnn(-c6ccccc6)c5-c5ccccn5)cc4F)c3s2)c1,CHEMBL3608549,1230.0
COc1ccccc1-c1c(C(=O)Nc2ccc(Oc3ccnc4cc(-c5cn(C)cn5)sc34)c(F)c2)cnn1-c1ccccc1,CHEMBL3608548,350.0
Cn1cnc(-c2cc3nccc(Oc4ccc(NC(=O)c5cnn(-c6ccccc6)c5-c5ccccc5F)cc4F)c3s2)c1,CHEMBL3608547,1090.0
Cn1cnc(-c2cc3nccc(Oc4ccc(NC(=O)c5cc(-c6ccccc6)n(-c6ccccc6)c5)cc4F)c3s2)c1,CHEMBL3608546,4840.0
Cn1cnc(-c2cc3nccc(Oc4ccc(NC(=O)c5sc(-c6ccccc6)nc5-c5ccccc5)cc4F)c3s2)c1,CHEMBL3608312,2260.0
Cn1cnc(-c2cc3nccc(Oc4ccc(NC(=O)c5cn(-c6ccccc6)nc5-c5ccccc5)cc4F)c3s2)c1,CHEMBL3608545,2070.0
Cn1cnc(-c2cc3nccc(Oc4ccc(NC(=O)c5cnn(-c6ccccc6)c5-c5ccccc5)cc4F)c3s2)c1,CHEMBL3608544,740.0
COc1cccc(-c2c(C(=O)Nc3ccc(Oc4ccnc5cc(-c6cn(C)cn6)sc45)c(F)c3)cnn2-c2ccccc2)c1,CHEMBL3608550,300.0
Cn1cnc(-c2cc3nccc(Oc4ccc(NC(=O)c5cnn(-c6ccccc6)c5-c5cccnc5)cc4F)c3s2)c1,CHEMBL3608551,230.0
Cn1cnc(-c2cc3nccc(Oc4ccc(NC(=O)c5cnn(-c6ccccc6)c5-c5ccc(F)cc5)cc4F)c3s2)c1,CHEMBL3608552,190.0
COc1ccc(-c2c(C(=O)Nc3ccc(Oc4ccnc5cc(-c6cn(C)cn6)sc45)c(F)c3)cnn2-c2ccccc2)cc1,CHEMBL3608705,10000.0
Cn1cnc(-c2cc3nccc(Oc4ccc(NC(=O)c5cnn(-c6ccccc6)c5-c5ccncc5)cc4F)c3s2)c1,CHEMBL3608706,10000.0
Cn1cnc(-c2cc3nccc(Oc4ccc(NC(=O)c5cnn(-c6ccccc6)c5-c5ccsc5)cc4F)c3s2)c1,CHEMBL3608707,340.0
COc1cc2nccc(Oc3ccc(NC(=O)C4(C(=O)Nc5ccc(F)cc5)CC4)cc3)c2cc1OC,CHEMBL2105717,1900.0
CN1CCN(C2CCN(C(=O)Nc3cc(Oc4ccc(NC(=O)C5(C(=O)Nc6ccc(F)cc6)CC5)c(F)c4)ccn3)CC2)CC1,CHEMBL3039525,14.0
CC1=[N+](c2ccccc2)C(=O)C(C(=O)Nc2ccc(Oc3ccc4nc(NC(=O)C5CC5)cn4c3)c(F)c2)C=C1.Cl,CHEMBL3765306,8.8
Cc1cc(-c2cc(F)c3nnc([C@@H](C)n4ccc5ncccc5c4=O)n3c2)on1,CHEMBL3786495,9.0
COc1cnc2ccn([C@H](C)c3nnc4c(F)cc(-c5cc(C)no5)cn34)c(=O)c2c1,CHEMBL3786314,5.0
COCCOc1cnc2ccn([C@H](C)c3nnc4c(F)cc(-c5cc(C)no5)cn34)c(=O)c2c1,CHEMBL3785199,7.0
COCCOc1cnc2ccn([C@H](C)c3nnc4ccc(-c5cc(C)no5)cn34)c(=O)c2c1,CHEMBL3785094,7.0
C[C@H](c1nnc2c(F)cc(-c3cnn(C)c3)cn12)n1ccc2ncccc2c1=O,CHEMBL3787109,8.0
COc1cnc2ccn([C@H](C)c3nnc4c(F)cc(-c5cnn(C)c5)cn34)c(=O)c2c1,CHEMBL3787004,6.0
COc1cnc2ccn([C@H](C)c3nnc4ccc(-c5cnn(C)c5)cn34)c(=O)c2c1,CHEMBL3785374,11.0
COCCOc1cnc2ccn([C@H](C)c3nnc4ccc(-c5cnn(C)c5)cn34)c(=O)c2c1,CHEMBL3786005,8.0
COCCOc1cnc2ccn([C@H](C)c3nnc4c(F)cc(-c5cnn(C)c5)cn34)c(=O)c2c1,CHEMBL3785909,5.0
Cc1ccc2c(c1)oc(=O)n2Cc1cccc(NC(=O)OCCCN2CCOCC2)c1,CHEMBL3787383,10.0
Cn1cc(-c2ccc3nnc(C(F)(F)c4ccc5ncccc5c4)n3n2)cn1,CHEMBL2133806,9.5
Fc1ccc(-c2cnc3nnc(C(F)(F)c4ccc5ncccc5c4)n3n2)cc1,CHEMBL3797579,0.46
Cn1cc(-c2cnc3nnc(C(F)(F)c4ccc5ncccc5c4)n3n2)cn1,CHEMBL3800420,0.43
FC(F)(c1ccc2ncccc2c1)c1nnc2ncc(-c3ccco3)nn12,CHEMBL3798905,2.3
CCCn1cc(-c2cnc3nnc(C(F)(F)c4ccc5ncccc5c4)n3n2)cn1,CHEMBL3799263,0.67
CC1(C)c2cc(C3CCN(CC4CCOCC4)CC3)ccc2C(=O)c2c1[nH]c1cc(C#N)ccc21,CHEMBL3735648,1000.0
COc1cc2c(Oc3ccc(NC(=O)C4(C(=O)Nc5ccc(F)cc5)CC4)cc3F)ccnc2cc1OCCCN1CCOCC1,CHEMBL1230609,0.4
O=C(Cc1ccc2c(c1)CCO2)N/N=C1\CNc2cc(C(=O)NCCCCN3CCC[C@H]3CO)cc(Br)c21,CHEMBL3919012,0.5
O=C(Cc1ccc2c(c1)CCO2)N/N=C1\CNc2cc(C(=O)NCCCCN3CC[C@H](O)C3)cc(Br)c21,CHEMBL3889870,0.7
O=C(Cc1ccc2c(c1)CCO2)N/N=C1\CNc2cc(C(=O)NCCN3CCOCC3)cc(Br)c21,CHEMBL3950207,0.7
[C-]#[N+]C1=C(C)Nc2oncc2C1c1ccc2[nH]nc(C)c2c1,CHEMBL3678509,2.0
[C-]#[N+]C1=C(C)Nc2onc(C)c2C1c1cc2c(C)n[nH]c2cc1F,CHEMBL3678511,126.0
CC1=C(C#N)C(c2cccc3[nH]ncc23)C(C#N)=C(C)N1,CHEMBL3980042,2.0
Cn1cc(-c2cc(Oc3ccc(NC(=O)N4CCN(c5ccc(F)cc5)C4=O)nc3)ccn2)cn1,CHEMBL3908700,196.0
Cn1cc(-c2cc(Oc3ccc(NC(=O)N4CCN(C5CCOCC5)C4=O)nc3)ccn2)cn1,CHEMBL3891316,5000.0
Cn1cc(-c2cc(Oc3cc(F)c(NC(=O)N4CCN(C5CCOCC5)C4=O)cc3F)ccn2)cn1,CHEMBL3948615,5000.0
Cn1cc(-c2cc(Oc3ccc(NC(=O)N4CCN(C5CCCCC5)C4=O)nc3)ccn2)cn1,CHEMBL3893595,370.0
COCCN1CCN(C(=O)Nc2ccc(Oc3ccnc(-c4cnn(C)c4)c3)c(C)n2)C1=O,CHEMBL3983027,5000.0
Cc1nc(NC(=O)N2CCN(C3CCCC3)C2=O)ccc1Oc1ccnc(-c2cnn(C)c2)c1,CHEMBL3931177,898.0
CCN1CCN(C(=O)Nc2ccc(Oc3ccnc(-c4cnn(C)c4)c3)c(C)n2)C1=O,CHEMBL3936132,5000.0
CN(C)C(=O)Nc1cc(Oc2cc(F)c(NC(=O)N3CCN(C4CCOCC4)C3=O)cc2Cl)ccn1,CHEMBL3974611,4000.0
CNC(=O)c1cc(Oc2ccc(NC(=O)N3CCN(C(C)(C)C)C3=O)nc2)ccn1,CHEMBL3957739,5000.0
COc1cc2c(Oc3ccc(NC(=O)C4(C(=O)Nc5ccc(F)cc5)CC4)cc3F)ccnc2cc1OCCCC(=O)NO,CHEMBL3981567,119.0
CC1=C(C#N)C(c2ccc3[nH]nc(C)c3c2)C(C#N)=C(C(F)F)N1,CHEMBL3984362,2.0
CC1=C(C#N)C(c2ccc3[nH]nc(C)c3c2)C(C#N)=C(C(F)(F)F)N1,CHEMBL3938140,1.0
Cc1n[nH]c2cc(F)c(C3C(C#N)=C(C(F)F)NC(C(F)F)=C3C#N)cc12,CHEMBL3972144,3.0
CCC(F)(F)C1=C(C#N)C(c2ccc3[nH]nc(C)c3c2)C(C#N)=C(C)N1,CHEMBL3947404,3.0
CN[C@@H]1C[C@H]2O[C@@](C)([C@@H]1OC)n1c3ccccc3c3c4c(c5c6ccccc6n2c5c31)C(=O)NC4,CHEMBL388978,310.0
COc1cc2nccc(Oc3ccc(NC(=O)C4(C(=O)Nc5ccc(F)cc5)CC4)cc3)c2cc1OC.O=C(O)C[C@H](O)C(=O)O,CHEMBL2103868,21.9
CO/N=C(/C)COc1cn2ncnc(Oc3ccc(NC(=O)C4(C(=O)Nc5ccc(F)cc5)CC4)cc3F)c2c1C,CHEMBL4293183,518.0
C/C(COc1cn2ncnc(Oc3ccc(NC(=O)C4(C(=O)Nc5ccc(F)cc5)CC4)cc3F)c2c1C)=N/O,CHEMBL4289181,836.0
CC(=O)COc1cn2ncnc(Oc3ccc(NC(=O)C4(C(=O)Nc5ccc(F)cc5)CC4)cc3F)c2c1C,CHEMBL4281308,154.0
Cc1c(OCC(O)CN2CCOCC2)cn2ncnc(Oc3ccc(NC(=O)C4(C(=O)Nc5ccc(F)cc5)CC4)cc3F)c12,CHEMBL4285792,9.1
Cc1c(OCC(O)CN2CCC(O)CC2)cn2ncnc(Oc3ccc(NC(=O)C4(C(=O)Nc5ccc(F)cc5)CC4)cc3F)c12,CHEMBL4277848,5.3
Cc1c(OCC(O)CN2CCN(C)CC2)cn2ncnc(Oc3ccc(NC(=O)C4(C(=O)Nc5ccc(F)cc5)CC4)cc3F)c12,CHEMBL4282387,0.71
Cc1c(OCC(O)CO)cn2ncnc(Oc3ccc(NC(=O)C4(C(=O)Nc5ccc(F)cc5)CC4)cc3F)c12,CHEMBL4292983,23.4
Cc1c(OCC(C)(C)O)cn2ncnc(Oc3ccc(NC(=O)C4(C(=O)Nc5ccc(F)cc5)CC4)cc3F)c12,CHEMBL4278929,161.0
Cc1c(OCC(O)C(C)C)cn2ncnc(Oc3ccc(NC(=O)C4(C(=O)Nc5ccc(F)cc5)CC4)cc3F)c12,CHEMBL4289602,456.0
CCC(O)COc1cn2ncnc(Oc3ccc(NC(=O)C4(C(=O)Nc5ccc(F)cc5)CC4)cc3F)c2c1C,CHEMBL4294075,241.0
Cc1c(OC[C@H](C)O)cn2ncnc(Oc3ccc(NC(=O)C4(C(=O)Nc5ccc(F)cc5)CC4)cc3F)c12,CHEMBL4286172,162.0
Cc1c(OC[C@@H](C)O)cn2ncnc(Oc3ccc(NC(=O)C4(C(=O)Nc5ccc(F)cc5)CC4)cc3F)c12,CHEMBL4293840,241.0
Cc1c(OCC(C)O)cn2ncnc(Oc3ccc(NC(=O)C4(C(=O)Nc5ccc(F)cc5)CC4)cc3F)c12,CHEMBL4285952,177.0
Cc1c(OCCCN2CCOCC2)cn2ncnc(Oc3ccc(NC(=O)C4(C(=O)Nc5ccc(F)cc5)CC4)cc3F)c12,CHEMBL4276790,15.9
Cc1c(OCCCS(C)(=O)=O)cn2ncnc(Oc3ccc(NC(=O)C4(C(=O)Nc5ccc(F)cc5)CC4)cc3F)c12,CHEMBL4287439,9.0
Cc1c(OCC(=O)N2CCOCC2)cn2ncnc(Oc3ccc(NC(=O)C4(C(=O)Nc5ccc(F)cc5)CC4)cc3F)c12,CHEMBL4291938,364.0
CCOC(=O)COc1cn2ncnc(Oc3ccc(NC(=O)C4(C(=O)Nc5ccc(F)cc5)CC4)cc3F)c2c1C,CHEMBL4284075,1000.0
COCCCOc1cn2ncnc(Oc3ccc(NC(=O)C4(C(=O)Nc5ccc(F)cc5)CC4)cc3F)c2c1C,CHEMBL4283672,291.0
Cc1c(OCCCO)cn2ncnc(Oc3ccc(NC(=O)C4(C(=O)Nc5ccc(F)cc5)CC4)cc3F)c12,CHEMBL4294252,260.0
COCCOc1cn2ncnc(Oc3ccc(NC(=O)C4(C(=O)Nc5ccc(F)cc5)CC4)cc3F)c2c1C,CHEMBL4280222,137.0
Cc1c(OCCO)cn2ncnc(Oc3ccc(NC(=O)C4(C(=O)Nc5ccc(F)cc5)CC4)cc3F)c12,CHEMBL4290855,107.5
Cc1c(OCc2ccccc2)cn2ncnc(Oc3ccc(NC(=O)C4(C(=O)Nc5ccc(F)cc5)CC4)cc3F)c12,CHEMBL4280103,1000.0
C#CCOc1cn2ncnc(Oc3ccc(NC(=O)C4(C(=O)Nc5ccc(F)cc5)CC4)cc3F)c2c1C,CHEMBL4287997,1000.0
C=CCOc1cn2ncnc(Oc3ccc(NC(=O)C4(C(=O)Nc5ccc(F)cc5)CC4)cc3F)c2c1C,CHEMBL4288402,550.0
CCCCOc1cn2ncnc(Oc3ccc(NC(=O)C4(C(=O)Nc5ccc(F)cc5)CC4)cc3F)c2c1C,CHEMBL4277765,1000.0
Cc1c(OCC(C)C)cn2ncnc(Oc3ccc(NC(=O)C4(C(=O)Nc5ccc(F)cc5)CC4)cc3F)c12,CHEMBL4291822,1000.0
CCOc1cn2ncnc(Oc3ccc(NC(=O)C4(C(=O)Nc5ccc(F)cc5)CC4)cc3F)c2c1C,CHEMBL4281199,442.0
COc1cn2ncnc(Oc3ccc(NC(=O)C4(C(=O)Nc5ccc(F)cc5)CC4)cc3F)c2c1C,CHEMBL4281612,348.0
Cc1c(O)cn2ncnc(Oc3ccc(NC(=O)C4(C(=O)Nc5ccc(F)cc5)CC4)cc3F)c12,CHEMBL4289491,678.0
Cc1c(C(=O)NCCCN2CCOCC2)cn2ncnc(Oc3ccc(NC(=O)C4(C(=O)Nc5ccc(F)cc5)CC4)cc3F)c12,CHEMBL4285034,7.8
Cc1c(C(=O)NCCCN(C)C)cn2ncnc(Oc3ccc(NC(=O)C4(C(=O)Nc5ccc(F)cc5)CC4)cc3F)c12,CHEMBL4292884,11.8
Cc1c(C(=O)N2CCN(C)CC2)cn2ncnc(Oc3ccc(NC(=O)C4(C(=O)Nc5ccc(F)cc5)CC4)cc3F)c12,CHEMBL4281645,571.0
Cc1c(C(=O)N2CCC(O)CC2)cn2ncnc(Oc3ccc(NC(=O)C4(C(=O)Nc5ccc(F)cc5)CC4)cc3F)c12,CHEMBL4292282,651.0
Cc1c(C(=O)NCCO)cn2ncnc(Oc3ccc(NC(=O)C4(C(=O)Nc5ccc(F)cc5)CC4)cc3F)c12,CHEMBL4285069,134.0
Cc1c(C(=O)O)cn2ncnc(Oc3ccc(NC(=O)C4(C(=O)Nc5ccc(F)cc5)CC4)cc3F)c12,CHEMBL4277130,1000.0
CCOC(=O)c1cn2ncnc(Oc3ccc(NC(=O)C4(C(=O)Nc5ccc(F)cc5)CC4)cc3F)c2c1C,CHEMBL4288437,1000.0
CN(CCc1ccc(-c2ccccc2)cc1)Cc1cn(C)c2ccc(C(=O)Nc3ccc(F)cc3)cc12,CHEMBL4446681,61000.0
Nc1nccc(Oc2ccc(Nc3nccc4ccn(-c5ccc(F)cc5)c(=O)c34)cc2F)c1Cl,CHEMBL4474232,69.0
Nc1nccc(Oc2ccc(Nc3nccc4ccn(-c5ccc(F)cc5)c(=O)c34)cc2F)c1I,CHEMBL4553056,116.7
Cc1cc2ccnc(Nc3ccc(Oc4ccnc(N)c4Cl)c(F)c3)c2c(=O)n1-c1ccc(F)cc1,CHEMBL4442365,89.8
Cc1cc2ccnc(Nc3ccc(Oc4ccnc(N)c4I)c(F)c3)c2c(=O)n1-c1ccc(F)cc1,CHEMBL4449612,117.8
CCN1CCC(CCNC(=O)Nc2nc3ccc(Sc4nnc5ccc(-c6cccs6)nn45)cc3s2)CC1,CHEMBL4527749,29.0
CCN(CC)CCNC(=O)Nc1nc2ccc(Sc3nnc4ccc(-c5ccc(F)cc5)nn34)cc2s1,CHEMBL4459929,10.0
O=C(NCCN1CCOCC1)Nc1nc2ccc(Sc3nnc4ccc(-c5ccc(F)cc5)nn34)cc2s1,CHEMBL4461070,5.0
O=C(Nc1nc2ccc(Sc3nnc4ccc(-c5ccc(F)cc5)nn34)cc2s1)OCCN1CCOCC1,CHEMBL4537419,25.0
O=C(CC1CC1)Nc1nc2ccc(Sc3nnc4ccc(-c5ccc(F)cc5)nn34)cc2s1,CHEMBL4576381,13.0
O=C(Nc1nc2ccc(Sc3nnc4ccc(-c5ccc(F)cc5)nn34)cc2s1)C1CC1,CHEMBL4457387,4.0
O=C(CCCN1CCOCC1)Nc1nc2ccc(Sc3nnc4ccc(-c5ccc(F)cc5)nn34)cc2s1,CHEMBL4470877,2.0
Fc1ccc(-c2ccc3nnc(Sc4ccc5nc(NCCN6CCOCC6)sc5c4)n3n2)cc1,CHEMBL4455032,13.0
CCNc1nc2ccc(Sc3nnc4ccc(-c5ccc(F)cc5)nn34)cc2s1,CHEMBL4460346,15.0
Nc1nc2ccc(Sc3nnc4ccc(-c5ccc(F)cc5)nn34)cc2s1,CHEMBL4448029,43.0
CC(=O)Nc1nc2ccc(Sc3nnc4ccc(-c5ccc(F)cc5)nn34)cc2s1,CHEMBL4542687,22.0
COc1ccc(-c2cnn3c(N)c(-c4ccccc4)c(OC4CCN(C)CC4)nc23)cc1OC,CHEMBL4640601,11000.0
COC(=O)Nc1ccc(-c2c(OC3CCN(C)CC3)nc3c(-c4ccc(OC)c(OC)c4)cnn3c2N)cc1,CHEMBL4634073,11000.0
COc1ccc(-c2cnn3c(N)c(-c4nccs4)c(OC4CCN(C)CC4)nc23)cc1OC,CHEMBL4636995,11000.0
c1ccc(Cc2c[nH]c3ncccc23)cc1,CHEMBL4744343,24200.0
Cc1c[nH]c2ncc(-c3c[nH]c4c3CNC4=O)cc12,CHEMBL4748121,2900.0
O=C1NCc2c(-c3cc(F)cc4[nH]ncc34)c[nH]c21,CHEMBL4743552,9600.0
O=C1NCc2c(-c3cnc4[nH]cc(Cc5ccccc5)c4c3)c[nH]c21,CHEMBL4747073,660.0
c1ccc(Cc2c[nH]c3ncc(-c4cnn(C5CCNCC5)c4)cc23)cc1,CHEMBL4784342,48.0
Fc1ccccc1Cc1c[nH]c2ncc(-c3cnn(C4CCNCC4)c3)cc12,CHEMBL4796908,44.0
Fc1cccc(Cc2c[nH]c3ncc(-c4cnn(C5CCNCC5)c4)cc23)c1,CHEMBL4749560,65.0
Fc1ccc(Cc2c[nH]c3ncc(-c4cnn(C5CCNCC5)c4)cc23)cc1,CHEMBL4792886,137.0
Oc1ccc(Cc2nnc3ncc(-c4ccc(F)cc4)nn23)cc1,CHEMBL2170957,32.0
Oc1ccc(Cc2nnc3n2N=C(c2ccc(F)cc2)CS3)cc1,CHEMBL4748465,300.0
Oc1ccc(Cc2nnc3sc(Nc4cccc(Cl)c4)nn23)cc1,CHEMBL4753090,40.0
Clc1cccc(Nc2nn3c(Cc4ccc5c(c4)OCO5)nnc3s2)c1,CHEMBL4740644,300.0
Oc1ccc(Cc2nnc3sc(Nc4cccc(Cl)c4)nn23)cc1F,CHEMBL4790331,200.0
Oc1ccc(Cc2nnc3sc(Nc4cccc(Cl)c4)nn23)cc1Cl,CHEMBL4743756,800.0
Clc1cccc(Nc2nn3c(Cn4ccc5ncccc54)nnc3s2)c1,CHEMBL4786582,1400.0
Clc1cccc(Nc2nn3c(Cc4ccc5ncccc5c4)nnc3s2)c1,CHEMBL4784332,30.0
Cn1cc(-c2nn3c(Cc4ccc5ncccc5c4)nnc3s2)cn1,CHEMBL4760101,80.0
CC(c1ccc2ncccc2c1)c1nnc2sc(-c3cnn(C)c3)nn12,CHEMBL4762193,30.0
C[C@H](c1ccc2ncccc2c1)c1nnc2sc(-c3cnn(C)c3)nn12,CHEMBL4763399,84.0
C[C@@H](c1ccc2ncccc2c1)c1nnc2sc(-c3cnn(C)c3)nn12,CHEMBL4791034,20.0
C[C@@H](c1ccc2ncccc2c1)c1nnc2sc(Nc3cnn(C)c3)nn12,CHEMBL4787386,5.0
Cn1cc(Nc2nn3c(C(F)(F)c4ccc5ncccc5c4)nnc3s2)cn1,CHEMBL4778083,4.0
Cc1nn(C)cc1-c1nn2c([C@H](C)c3ccc4ncccc4c3)nnc2s1,CHEMBL4750387,3.0
Cc1nn(C)cc1-c1nn2c([C@@H](C)c3ccc4ncccc4c3)nnc2s1,CHEMBL4783289,3.0
COc1cc2c(Oc3ccc(Nc4nccc5[nH]cc(-c6ccc(F)cc6)c(=O)c45)cc3F)ncnc2cc1OCCCN1CCCC1,CHEMBL4784644,130.0
COc1cc2ncnc(Oc3ccc(Nc4nccc5[nH]cc(-c6ccc(F)cc6)c(=O)c45)cc3F)c2cc1OC,CHEMBL4794496,59.4
CCN(CC)CCCOc1cc2c(Oc3ccc(Nc4nccc5[nH]cc(-c6ccc(F)cc6)c(=O)c45)cc3F)ncnc2cc1OC,CHEMBL4787904,396.8
COc1cc2ncnc(Oc3ccc(Nc4nccc5[nH]cc(-c6ccc(F)cc6)c(=O)c45)cc3)c2cc1OC,CHEMBL4784431,86.5
COc1cc2ncnc(Oc3ccc(Nc4nccc5c4c(=O)c(-c4ccc(F)cc4)cn5C)cc3F)c2cc1OC,CHEMBL4799551,82.9
Nc1ncnc2c1c(-c1cccc(O)c1)cn2[C@H]1C[C@@H](CO)C1,CHEMBL4858720,5800.0
Nc1ncnc2c1c(-c1cccc(O)c1)cn2C1CCCC1,CHEMBL169390,6000.0
CC(=O)N1CCN([C@H]2C[C@@H](n3cc(-c4cc(O)ccc4F)c4c(N)ncnc43)C2)CC1,CHEMBL4854822,11000.0
CC1=C(C#N)C(c2ccc3[nH]nc(C)c3c2)C(C#N)=C(C)N1,CHEMBL4593677,2.9
OCCn1cc(-c2cnc3nnn(Cc4ccc5ncccc5c4)c3n2)cn1,CHEMBL2001019,5.0
Cc1ccc(-c2ccc3c(C)n[nH]c3c2)c2c1[C@H](N(C)C(=O)c1ncccc1C(F)F)CCC2,CHEMBL5272595,30000.0
COc1cc2c(Oc3ccc(NC(=O)c4cn(-c5ccccc5C(F)(F)F)c5ccccc5c4=O)cc3F)ccnc2cc1OCCCN1CCCCC1,CHEMBL5273665,1.35
COc1cc2c(Oc3ccc(N/C=C4\C(=O)N(c5ccccc5C(F)(F)F)N=C4C)cc3F)ccnc2cc1OCCCN1CCOCC1,CHEMBL3949465,2.2
COc1cc2c(Oc3ccc(NC(=O)Nc4nc5c(C)ccc(C)c5s4)cc3F)ccnc2cc1OCCCN1CCN(C)CC1,CHEMBL5282538,17.6
Cc1[nH]c(/C=C2\C(=O)Nc3ccc(S(=O)(=O)N4CCc5ccccc54)cc32)c(C)c1C(=O)N1CCN(C)CC1,CHEMBL1822971,40.0
Cc1[nH]c(/C=C2\C(=O)Nc3ccc(S(=O)(=O)N(C)c4cccc(Cl)c4)cc32)c(C)c1CCCN1CCOCC1,CHEMBL1822006,170.0
Cc1ccc(NC(=O)Nc2cc(C(F)(F)F)ccc2F)cc1Nc1ccc2c(c1)NC(=O)/C2=C\c1ccc[nH]1,CHEMBL2037226,5800.0
CCN1CCN(c2ccc(Nc3cc(N(C)C(=O)Nc4c(Cl)c(OC)cc(OC)c4Cl)ncn3)cc2)CC1,CHEMBL1852688,3011.0
