name,deltaG_wild,deltaG_mutant,SMILES,dif,mol,carizotinib_tanimoto,capmatinib_tanimoto,crizotinib_tanimoto,savolotinib_tanimoto
SAR-125844,-11.3,-11.68,FC1=CC=C(C=C1)C1=NN2C(SC3=CC=C4N=C(NC(=O)NCCN5CCOCC5)SC4=C3)=NN=C2C=C1,0.379999999999999,<rdkit.Chem.rdchem.Mol object at 0x7529abcd19a0>,0.4936708860759494,0.4936708860759494,0.5903614457831325,0.4025974025974026
IDRX-42,-10.84,-11.48,CN1C=C(C=N1)C1=CC=C(CNC2=CC(=NC=N2)C2=CN=C3C=C(OCCCN4CCCC4)C=CN23)C=C1,0.6400000000000006,<rdkit.Chem.rdchem.Mol object at 0x7529abcd1460>,0.4852941176470588,0.4852941176470588,0.6911764705882353,0.5423728813559322
BMS-919373,-10.78,-11.35,NS(=O)(=O)C1=CN=CC(=C1)C1=NC(NCC2=NC=CC=C2)=C2C(C=CC=C2C2=CC=CC=C2)=N1,0.5700000000000003,<rdkit.Chem.rdchem.Mol object at 0x7529abcd13f0>,0.3972602739726027,0.3972602739726027,0.36470588235294116,0.373134328358209
Edralbrutinib,-10.33,-11.28,CC#CC(=O)N1CC[C@H](C1)N1C=C(C2=C1C(=O)NN=C2N)C1=CC=C(OC2=C(F)C=CC=C2F)C=C1,0.9499999999999992,<rdkit.Chem.rdchem.Mol object at 0x7529abcd1770>,0.5694444444444444,0.5694444444444444,0.7397260273972602,0.4305555555555556
Palbociclib,-10.74,-11.22,CC(=O)C1=C(C)C2=CN=C(NC3=NC=C(C=C3)N3CCNCC3)N=C2N(C2CCCC2)C1=O,0.4800000000000004,<rdkit.Chem.rdchem.Mol object at 0x7529abcd17e0>,0.49295774647887325,0.49295774647887325,0.6216216216216216,0.4117647058823529
Omipalisib,-10.93,-10.98,COC1=C(NS(=O)(=O)C2=C(F)C=C(F)C=C2)C=C(C=N1)C1=CC2=C(C=CN=C2C=C1)C1=CN=NC=C1,0.0500000000000007,<rdkit.Chem.rdchem.Mol object at 0x7529abcd1a10>,0.4931506849315068,0.4931506849315068,0.41379310344827586,0.33783783783783783
"N-(4-(1-cyclopropyl-4-fluoro-2-methyl-1H-benzo(d)imidazol-6-yl)-5-fluoropyrimidin-2-yl)-6-(2-(dimethylamino)ethyl)-5,6,7,8-tetrahydro-l,6-naphthyridin-2-amine",-10.39,-10.96,CN(C)CCN1CCC2=C(C1)C=CC(NC1=NC=C(F)C(=N1)C1=CC(F)=C3N=C(C)N(C4CC4)C3=C1)=N2,0.5700000000000003,<rdkit.Chem.rdchem.Mol object at 0x7529abcd1a80>,0.5606060606060606,0.5606060606060606,0.581081081081081,0.47619047619047616
TAS-116,-10.46,-10.92,CCC1=CC(=CC=C1N1N=C(C(C)C)C2=C1N=CC=C2N1C=NC(=C1)C1=CN(C)N=C1)C(N)=O,0.4599999999999991,<rdkit.Chem.rdchem.Mol object at 0x7529abcd2110>,0.6785714285714286,0.6785714285714286,0.4594594594594595,0.68
Belumosudil,-10.18,-10.88,CC(C)NC(=O)COC1=CC=CC(=C1)C1=NC2=C(C=CC=C2)C(NC2=CC=C3NN=CC3=C2)=N1,0.7000000000000011,<rdkit.Chem.rdchem.Mol object at 0x7529abcd2180>,0.5,0.5,0.527027027027027,0.43548387096774194
Rezatapopt,-10.68,-10.81,CNC(=O)C1=CC=C(NCC#CC2=CC3=C(N[C@@H]4CCN(C)C[C@@H]4F)C=CC=C3N2CC(F)(F)F)C(OC)=C1,0.1300000000000007,<rdkit.Chem.rdchem.Mol object at 0x7529abcd21f0>,0.5066666666666667,0.5066666666666667,0.6493506493506493,0.33766233766233766
Relacorilant,-10.08,-10.77,CN1C=C(C=N1)S(=O)(=O)N1CCC2=CC3=C(C[C@@]2(C1)C(=O)C1=CC(=CC=N1)C(F)(F)F)C=NN3C1=CC=C(F)C=C1,0.6899999999999995,<rdkit.Chem.rdchem.Mol object at 0x7529abcd2260>,0.4457831325301205,0.4457831325301205,0.4888888888888889,0.35802469135802467
Capmatinib,-10.18,-10.68,CNC(=O)C1=C(F)C=C(C=C1)C1=NN2C(CC3=CC4=C(C=C3)N=CC=C4)=CN=C2N=C1,0.5,<rdkit.Chem.rdchem.Mol object at 0x7529abcd22d0>,1.0,1.0,0.4857142857142857,0.5686274509803921
Lanabecestat,-10.29,-10.64,CO[C@H]1CC[C@@]2(CC3=CC=C(C=C3[C@@]22N=C(C)C(N)=N2)C2=CC(=CN=C2)C#CC)CC1,0.3500000000000014,<rdkit.Chem.rdchem.Mol object at 0x7529abcd2340>,0.417910447761194,0.417910447761194,0.4931506849315068,0.4406779661016949
Avutometinib,-10.49,-10.58,CNS(=O)(=O)NC1=C(F)C(CC2=C(C)C3=C(OC2=O)C=C(OC2=NC=CC=N2)C=C3)=CC=N1,0.0899999999999998,<rdkit.Chem.rdchem.Mol object at 0x7529abcd23b0>,0.45,0.45,0.42857142857142855,0.325
PF-477736,-10.41,-10.55,CN1C=C(C=N1)C1=C2C=NNC(=O)C3=C2C(N1)=CC(NC(=O)[C@H](N)C1CCCCC1)=C3,0.1400000000000005,<rdkit.Chem.rdchem.Mol object at 0x7529abcd2420>,0.5,0.5,0.5064935064935064,0.4603174603174603
MK-6186,-10.11,-10.36,ClC1=CC(OC2=C3C=NN(CC4=NNC5=NC=CC=C45)C3=CC=C2Cl)=CC(=C1)C#N,0.25,<rdkit.Chem.rdchem.Mol object at 0x7529abcd2490>,0.5645161290322581,0.5645161290322581,0.6323529411764706,0.5
BMS-754807,-9.99,-10.3,C[C@]1(CCCN1C1=NN2C=CC=C2C(NC2=NNC(=C2)C2CC2)=N1)C(=O)NC1=CN=C(F)C=C1,0.3100000000000005,<rdkit.Chem.rdchem.Mol object at 0x7529abcd2500>,0.6086956521739131,0.6086956521739131,0.5625,0.463768115942029
