S_method,Molecule_ID,Score,SMILES,pref_name
3D - Electroshape,CHEMBL1257015,0.88,COc1ccc(C(=O)NCc2cccnc2)cc1C(=O)NCc1cccnc1,PICOTAMIDE
3D - Electroshape,CHEMBL473417,0.876,CS(=O)(=O)c1ccc(C(=O)Nc2ccc(Cl)c(-c3ccccn3)c2)c(Cl)c1,VISMODEGIB
3D - Electroshape,CHEMBL2368925,0.871,O=C(O[C@@H]1C[C@@H]2C[C@H]3C[C@H](C1)N2CC3=O)c1c[nH]c2ccccc12,DOLASETRON
3D - Electroshape,CHEMBL3301607,0.862,O=C(Nc1nc2cccc(-c3ccc(CN4CCS(=O)(=O)CC4)cc3)n2n1)C1CC1,FILGOTINIB
3D - Electroshape,CHEMBL1521,0.862,CCN(C(C)=O)c1cccc(-c2ccnc3c(C#N)cnn23)c1,ZALEPLON
3D - Electroshape,CHEMBL4216467,0.859,CCn1c(=O)c(-c2cc(NC(=O)Nc3ccccc3)c(F)cc2Br)cc2cnc(NC)cc21,RIPRETINIB
3D - Electroshape,CHEMBL2103772,0.859,CC(=O)SCC(Cc1ccccc1)C(=O)NCC(=O)OCc1ccccc1,RACECADOTRIL
3D - Electroshape,CHEMBL162036,0.858,CC(=O)Nc1ccc(OC(=O)c2ccccc2OC(C)=O)cc1,BENORILATE
3D - Electroshape,CHEMBL2105759,0.856,CCS(=O)(=O)N1CC(CC#N)(n2cc(-c3ncnc4[nH]ccc34)cn2)C1,BARICITINIB
3D - Electroshape,CHEMBL3137318,0.856,Cn1ncnc1[C@H]1c2n[nH]c(=O)c3cc(F)cc(c23)N[C@@H]1c1ccc(F)cc1,TALAZOPARIB TOSYLATE
3D - Electroshape,CHEMBL514800,0.856,CCOc1cc([C@@H](CS(C)(=O)=O)N2C(=O)c3cccc(NC(C)=O)c3C2=O)ccc1OC,APREMILAST
3D - Electroshape,CHEMBL343448,0.855,C/C=C1\NC(=O)[C@H]2CSSCC/C=C/[C@H](CC(=O)N[C@H](C(C)C)C(=O)N2)OC(=O)[C@H](C(C)C)NC1=O,ROMIDEPSIN
3D - Electroshape,CHEMBL1522,0.854,CN1CCN(C(=O)O[C@H]2c3nccnc3C(=O)N2c2ccc(Cl)cn2)CC1,ESZOPICLONE
3D - Electroshape,CHEMBL1233,0.854,CCCC(C)(COC(N)=O)COC(=O)NC(C)C,CARISOPRODOL
3D - Electroshape,CHEMBL135400,0.854,CN1CCN(C(=O)OC2c3nccnc3C(=O)N2c2ccc(Cl)cn2)CC1,ZOPICLONE
3D - Electroshape,CHEMBL9967,0.853,CN1CCN(CC(=O)N2c3ccccc3C(=O)Nc3cccnc32)CC1,PIRENZEPINE
3D - Electroshape,CHEMBL2103875,0.851,CC(=O)Nc1cccc(-n2c(=O)n(C3CC3)c(=O)c3c(Nc4ccc(I)cc4F)n(C)c(=O)c(C)c32)c1,TRAMETINIB
3D - Electroshape,CHEMBL1771,0.85,COC(=O)[C@H](c1ccccc1Cl)N1CCc2sccc2C1,CLOPIDOGREL
3D - Electroshape,CHEMBL2107386,0.848,CCOC(=O)N[C@@H]1CC[C@@H]2[C@@H](C1)C[C@H]1C(=O)O[C@H](C)[C@H]1[C@H]2/C=C/c1ccc(-c2cccc(F)c2)cn1,VORAPAXAR SULFATE
3D - Electroshape,CHEMBL779,0.846,CN1CC(=O)N2[C@H](c3ccc4c(c3)OCO4)c3[nH]c4ccccc4c3C[C@@H]2C1=O,TADALAFIL
3D - Electroshape,CHEMBL19224,0.846,COc1ccc(Cc2nccc3cc(OC)c(OC)cc23)cc1OC,PAPAVERINE
3D - Electroshape,CHEMBL4297526,0.846,COC(=O)CC[C@@H]1N=C(c2ccccn2)c2cc(Br)ccc2-n2c(C)cnc21,REMIMAZOLAM
3D - Electroshape,CHEMBL277062,0.845,O=C1CN=C(c2ccccn2)c2cc(Br)ccc2N1,BROMAZEPAM
3D - Electroshape,CHEMBL3989833,0.845,O=C1Cc2cc(CCN3CCN(c4nsc5ccccc45)CC3)c(Cl)cc2N1,ZIPRASIDONE MESYLATE
3D - Electroshape,CHEMBL521686,0.843,O=C(c1cc(Cc2n[nH]c(=O)c3ccccc23)ccc1F)N1CCN(C(=O)C2CC2)CC1,OLAPARIB
3D - Electroshape,CHEMBL1201168,0.843,Cc1cc(C(=O)NNCc2ccccc2)no1,ISOCARBOXAZID
3D - Electroshape,CHEMBL3989786,0.843,CC(=O)OCCN1CCN(CCCN2c3ccccc3Sc3ccc(Cl)cc32)CC1,THIOPROPAZATE HYDROCHLORIDE
3D - Electroshape,CHEMBL1256841,0.842,O=C(CCNNC(=O)c1ccncc1)NCc1ccccc1,NIALAMIDE
3D - Electroshape,CHEMBL407,0.842,CCOC(=O)c1ncn2c1CN(C)C(=O)c1cc(F)ccc1-2,FLUMAZENIL
3D - Electroshape,CHEMBL2104445,0.842,CCOc1c(N)c2c(c(OCC)c1OCC)C(C1c3c(cc4c(c3OC)OCO4)CCN1C)OC2=O,TRITOQUALINE
3D - Electroshape,CHEMBL628,0.841,CC(=O)CCCCn1c(=O)c2c(ncn2C)n(C)c1=O,PENTOXIFYLLINE
3D - Electroshape,CHEMBL3183075,0.841,CNC(=C[N+](=O)[O-])NCCSCc1csc(CN(C)C)n1,NIZATIDINE
3D - Electroshape,CHEMBL1402684,0.84,CC(=O)Oc1ccc(C2(c3ccc(OC(C)=O)cc3)C(=O)Nc3ccccc32)cc1,OXYPHENISATIN ACETATE
3D - Electroshape,CHEMBL1200470,0.84,COc1ccc2[n-]c([S@@+]([O-])Cc3ncc(C)c(OC)c3C)nc2c1,ESOMEPRAZOLE SODIUM
3D - Electroshape,CHEMBL1201056,0.84,CCn1ccc(NS(=O)(=O)c2ccc(N)cc2)nc1=O,SULFACYTINE
3D - Electroshape,CHEMBL2216870,0.838,CC[C@H](Nc1ncnc2[nH]cnc12)c1nc2cccc(F)c2c(=O)n1-c1ccccc1,IDELALISIB
3D - Electroshape,CHEMBL1503,0.836,COc1ccc2[nH]c([S+]([O-])Cc3ncc(C)c(OC)c3C)nc2c1,OMEPRAZOLE
3D - Electroshape,CHEMBL1201320,0.836,COc1ccc2[nH]c([S@@+]([O-])Cc3ncc(C)c(OC)c3C)nc2c1,ESOMEPRAZOLE
3D - Electroshape,CHEMBL1567328,0.836,COc1ccc2[n-]c([S+]([O-])Cc3ncc(C)c(OC)c3C)nc2c1,OMEPRAZOLE MAGNESIUM
3D - Electroshape,CHEMBL297302,0.835,O=C(CCCN1CCC(n2c(=O)[nH]c3ccccc32)CC1)c1ccc(F)cc1,BENPERIDOL
3D - Electroshape,CHEMBL45,0.835,COc1ccc2[nH]cc(CCNC(C)=O)c2c1,MELATONIN
3D - Electroshape,CHEMBL1909288,0.834,CC(=O)Oc1ccc(C2(c3ccc(OC(C)=O)cc3)C(=O)N(C(C)=O)c3ccccc32)cc1,TRIACETYLDIPHENOLISATIN
3D - Electroshape,CHEMBL942,0.832,CC(=O)Oc1ccc(C(c2ccc(OC(C)=O)cc2)c2ccccn2)cc1,BISACODYL
3D - Electroshape,CHEMBL51,0.832,O=C(c1ccc(F)cc1)C1CCN(CCn2c(=O)[nH]c3ccccc3c2=O)CC1,KETANSERIN
3D - Electroshape,CHEMBL107,0.831,COc1cc2c(c(OC)c1OC)-c1ccc(OC)c(=O)cc1[C@@H](NC(C)=O)CC2,COLCHICINE
2D - ErG,CHEMBL4204794,0.821,Cn1cc(-c2cc3c(N4CCN(c5ncc([C@@](C)(N)c6ccc(F)cc6)cn5)CC4)ncnn3c2)cn1,AVAPRITINIB
2D - ErG,CHEMBL3948730,0.808,CC(C)Oc1ccc(-c2nn([C@@H](C)c3oc4ccc(F)cc4c(=O)c3-c3cccc(F)c3)c3ncnc(N)c23)cc1F,UMBRALISIB
2D - ErG,CHEMBL4297503,0.798,COC(=O)OCOc1c2n(ccc1=O)N([C@@H]1c3ccccc3SCc3c1ccc(F)c3F)[C@@H]1COCCN1C2=O,BALOXAVIR MARBOXIL
2D - ErG,CHEMBL237500,0.767,CC#CCn1c(N2CCC[C@@H](N)C2)nc2c1c(=O)n(Cc1nc(C)c3ccccc3n1)c(=O)n2C,LINAGLIPTIN
2D - ErG,CHEMBL364713,0.759,COc1ccc2c(c1OC)C(=O)O[C@@H]2[C@H]1c2c(cc3c(c2OC)OCO3)CCN1C,NOSCAPINE
2D - ErG,CHEMBL4297528,0.758,Cc1cn2nc(-c3cc(=O)n4cc(N5CCNC6(CC6)C5)ccc4n3)cc(C)c2n1,RISDIPLAM
2D - Pharmacophore,CHEMBL3188267,0.479,CNC(=O)c1ccc(-c2cnc3ncc(Cc4ccc5ncccc5c4)n3n2)cc1F,CAPMATINIB
2D - Pharmacophore,CHEMBL2107834,0.371,COC(=O)N(C)c1c(N)nc(-c2nn(Cc3ccccc3F)c3ncccc23)nc1N,RIOCIGUAT
2D - Pharmacophore,CHEMBL3545376,0.365,COc1cc(OC)cc(N(CCNC(C)C)c2ccc3ncc(-c4cnn(C)c4)nc3c2)c1,ERDAFITINIB
2D - Pharmacophore,CHEMBL3813873,0.35,FC(F)(F)c1ccc(CNc2ccc(Cc3c[nH]c4ncc(Cl)cc34)cn2)cn1,PEXIDARTINIB
2D & 3D combined,CHEMBL1795071,0.297,N#CC[C@H](C1CCCC1)n1cc(-c2ncnc3[nH]ccc23)cn1,RUXOLITINIB PHOSPHATE
2D & 3D combined,CHEMBL3286830,0.277,C[C@H]1Oc2cc(cnc2N)-c2c(nn(C)c2C#N)CN(C)C(=O)c2ccc(F)cc21,LORLATINIB
2D & 3D combined,CHEMBL1737,0.214,CCCc1nn(C)c2c(=O)[nH]c(-c3cc(S(=O)(=O)N4CCN(C)CC4)ccc3OCC)nc12,SILDENAFIL CITRATE
2D & 3D combined,CHEMBL94454,0.208,CN(c1nccc(=O)[nH]1)C1CCN(c2nc3ccccc3n2Cc2ccc(F)cc2)CC1,MIZOLASTINE
2D & 3D combined,CHEMBL1014,0.199,CCOc1nc2cccc(C(=O)OC(C)OC(=O)OC3CCCCC3)c2n1Cc1ccc(-c2ccccc2-c2nn[nH]n2)cc1,CANDESARTAN CILEXETIL
2D & 3D combined,CHEMBL3989820,0.195,Cc1ccc(-c2nc3ccc(C)cn3c2CC(=O)N(C)C)cc1,ZOLPIDEM TARTRATE
2D & 3D combined,CHEMBL2103795,0.194,CCOc1nc2cccc(C(=O)OCc3oc(=O)oc3C)c2n1Cc1ccc(-c2ccccc2-c2noc(=O)[n-]2)cc1,AZILSARTAN KAMEDOXOMIL
2D & 3D combined,CHEMBL2028661,0.194,CCOc1nc2cccc(C(=O)OCc3oc(=O)oc3C)c2n1Cc1ccc(-c2ccccc2-c2noc(=O)[nH]2)cc1,AZILSARTAN MEDOXOMIL
2D & 3D combined,CHEMBL3301612,0.19,COC(=O)N[C@@H](C)CNc1nccc(-c2cn(C(C)C)nc2-c2cc(Cl)cc(NS(C)(=O)=O)c2F)n1,ENCORAFENIB
2D & 3D combined,CHEMBL296419,0.176,COc1ccc(CCN2CCC(Nc3nc4ccccc4n3Cc3ccc(F)cc3)CC2)cc1,ASTEMIZOLE
2D & 3D combined,CHEMBL3039502,0.174,C[C@H](Nc1ncnc2nc[nH]c12)c1cc2cccc(Cl)c2c(=O)n1-c1ccccc1,DUVELISIB
2D & 3D combined,CHEMBL3545367,0.173,Cc1ncc(OC[C@@]2(c3cccc(F)c3)C[C@H]2C(=O)Nc2ccc(F)cn2)c(C)n1,LEMBOREXANT
2D & 3D combined,CHEMBL1697760,0.168,CC(c1ccc(Cl)c(Cl)c1)N1N=C(N)CC1=O,MUZOLIMINE
2D & 3D combined,CHEMBL4066936,0.165,COC(=O)Nc1c(N)nc(-c2nn(Cc3ccccc3F)c3ncc(F)cc23)nc1N,VERICIGUAT
2D & 3D combined,CHEMBL1110,0.163,Cc1[nH]cnc1CN1CCc2c(c3ccccc3n2C)C1=O,ALOSETRON
2D & 3D combined,CHEMBL54349,0.158,CCCN(CCC)C(=O)Cc1c(-c2ccc(Cl)cc2)nc2ccc(Cl)cn12,ALPIDEM
2D & 3D combined,CHEMBL46,0.153,Cc1nccn1CC1CCc2c(c3ccccc3n2C)C1=O,ONDANSETRON
2D & 3D combined,CHEMBL1282,0.152,CC(C)Cn1cnc2c(N)nc3ccccc3c21,IMIQUIMOD
2D & 3D combined,CHEMBL111,0.15,Cc1c(C(=O)NN2CCCCC2)nn(-c2ccc(Cl)cc2Cl)c1-c1ccc(Cl)cc1,RIMONABANT
2D & 3D combined,CHEMBL681,0.139,CCOC(=O)c1cncn1[C@H](C)c1ccccc1,ETOMIDATE
2D & 3D combined,CHEMBL1399,0.137,CC(C)(C#N)c1cc(Cn2cncn2)cc(C(C)(C)C#N)c1,ANASTROZOLE
2D & 3D combined,CHEMBL2107011,0.136,COc1cc2[nH]c(C)c(CCN3CCN(c4ccccc4)CC3)c2cc1OC,OXYPERTINE
2D & 3D combined,CHEMBL3544985,0.136,COc1c(-c2ccc3cc(NS(C)(=O)=O)ccc3c2)cc(-n2ccc(=O)[n-]c2=O)cc1C(C)(C)C,DASABUVIR SODIUM MONOHYDRATE
2D & 3D combined,CHEMBL880,0.135,CC(=O)OCC(CCn1cnc2cnc(N)nc21)COC(C)=O,FAMCICLOVIR
2D & 3D combined,CHEMBL3989803,0.133,Cc1c(N(C)CS(=O)(=O)[O-])c(=O)n(-c2ccccc2)n1C,DIPYRONE
2D & 3D combined,CHEMBL461522,0.133,Cc1c(N(C)CS(=O)(=O)O)c(=O)n(-c2ccccc2)n1C,METAMIZOLE
2D & 3D combined,CHEMBL57,0.129,Cc1ccnc2c1NC(=O)c1cccnc1N2C1CC1,NEVIRAPINE
2D & 3D combined,CHEMBL1339,0.125,CCCc1nc(C)c2c(O)nc(-c3cc(S(=O)(=O)N4CCN(CC)CC4)ccc3OCC)nn12,VARDENAFIL HYDROCHLORIDE
2D & 3D combined,CHEMBL2106922,0.124,Cc1ncc2n1-c1ccc(Cl)cc1C(c1ccccc1F)=NC2,MIDAZOLAM MALEATE
2D & 3D combined,CHEMBL1520,0.123,CCCc1nc(C)c2c(=O)nc(-c3cc(S(=O)(=O)N4CCN(CC)CC4)ccc3OCC)[nH]n12,VARDENAFIL
2D & 3D combined,CHEMBL231779,0.116,COc1ccc(-n2nc(C(N)=O)c3c2C(=O)N(c2ccc(N4CCCCC4=O)cc2)CC3)cc1,APIXABAN
2D & 3D combined,CHEMBL1200798,0.112,O=c1n(CCCN2CCN(c3cccc(Cl)c3)CC2)nc2ccccn12,TRAZODONE HYDROCHLORIDE
2D & 3D combined,CHEMBL4101807,0.112,CC(C)n1nccc1-c1ncccc1COc1cccc(O)c1C=O,VOXELOTOR
2D & 3D combined,CHEMBL941,0.111,Cc1ccc(NC(=O)c2ccc(CN3CCN(C)CC3)cc2)cc1Nc1nccc(-c2cccnc2)n1,IMATINIB
2D & 3D combined,CHEMBL1201754,0.111,NC(=O)c1cn(Cc2c(F)cccc2F)nn1,RUFINAMIDE
2D & 3D combined,CHEMBL3989868,0.11,Cc1cc(Nc2ncnc3ccc(NC4=NC(C)(C)CO4)cc23)ccc1Oc1ccn2ncnc2c1,TUCATINIB
2D & 3D combined,CHEMBL1292,0.109,CC(C)/N=c1\cc2n(-c3ccc(Cl)cc3)c3ccccc3nc-2cc1Nc1ccc(Cl)cc1,CLOFAZIMINE
2D & 3D combined,CHEMBL1625607,0.106,CN1CCc2c(c3ccccc3n2Cc2ccccc2)C1,MEBHYDROLIN
2D & 3D combined,CHEMBL308954,0.103,Cc1cc(C#N)cc(C)c1Oc1nc(Nc2ccc(C#N)cc2)nc(N)c1Br,ETRAVIRINE
2D & 3D combined,CHEMBL654,0.102,CN1CCN2c3ncccc3Cc3ccccc3C2C1,MIRTAZAPINE
2D & 3D combined,CHEMBL1083659,0.102,Cc1ccc(-n2nccn2)c(C(=O)N2CCN(c3nc4cc(Cl)ccc4o3)CC[C@H]2C)c1,SUVOREXANT
2D & 3D combined,CHEMBL1201733,0.102,Cc1ccc(Nc2nccc(N(C)c3ccc4c(C)n(C)nc4c3)n2)cc1S(N)(=O)=O,PAZOPANIB HYDROCHLORIDE
2D & 3D combined,CHEMBL1873475,0.1,C=CC(=O)N1CCC[C@@H](n2nc(-c3ccc(Oc4ccccc4)cc3)c3c(N)ncnc32)C1,IBRUTINIB
2D & 3D combined,CHEMBL157101,0.1,CC(=O)N1CCN(c2ccc(OCC3COC(Cn4ccnc4)(c4ccc(Cl)cc4Cl)O3)cc2)CC1,KETOCONAZOLE
2D & 3D combined,CHEMBL110,0.099,O=C(Cn1ccnc1[N+](=O)[O-])NCc1ccccc1,BENZNIDAZOLE
2D & 3D combined,CHEMBL431770,0.098,CCn1c(=O)c2c(nc(/C=C/c3ccc(OC)c(OC)c3)n2C)n(CC)c1=O,ISTRADEFYLLINE
2D & 3D combined,CHEMBL1444,0.098,N#Cc1ccc(C(c2ccc(C#N)cc2)n2cncn2)cc1,LETROZOLE
2D & 3D combined,CHEMBL1755,0.096,Cc1nc2c([nH]1)-c1ccccc1N(C(=O)c1ccc(NC(=O)c3ccccc3-c3ccccc3)cc1)CC2,CONIVAPTAN
2D & 3D combined,CHEMBL3989949,0.093,NC(=O)O[C@@H](Cn1ncnn1)c1ccccc1Cl,CENOBAMATE
2D & 3D combined,CHEMBL3936761,0.093,C=CC(=O)N1CCC([C@@H]2CCNc3c(C(N)=O)c(-c4ccc(Oc5ccccc5)cc4)nn32)CC1,ZANUBRUTINIB
2D & 3D combined,CHEMBL1371770,0.092,c1cnc(N2CCN(Cc3ccc4c(c3)OCO4)CC2)nc1,PIRIBEDIL
2D & 3D combined,CHEMBL406,0.092,CC1Cc2ccccc2N1NC(=O)c1ccc(Cl)c(S(N)(=O)=O)c1,INDAPAMIDE
2D & 3D combined,CHEMBL298734,0.091,NC(=O)N1CCC(CC(=O)N2CCC([C@H]3c4ncc(Br)cc4CCc4cc(Cl)cc(Br)c43)CC2)CC1,LONAFARNIB
2D & 3D combined,CHEMBL1200836,0.091,Clc1ccc(CO/N=C(\Cn2ccnc2)c2ccc(Cl)cc2Cl)c(Cl)c1,OXICONAZOLE NITRATE
2D & 3D combined,CHEMBL1651990,0.09,Clc1ccc(C(Cn2ccnc2)OCc2ccc(Sc3ccccc3)cc2)c(Cl)c1,FENTICONAZOLE
2D & 3D combined,CHEMBL1289601,0.087,COc1cc2nccc(Oc3ccc(NC(=O)NC4CC4)c(Cl)c3)c2cc1C(N)=O,LENVATINIB
2D & 3D combined,CHEMBL219916,0.085,O=c1[nH]c2ccccc2n1CCCN1CCC(n2c(=O)[nH]c3cc(Cl)ccc32)CC1,DOMPERIDONE
2D & 3D combined,CHEMBL2010601,0.085,CC(C)(C)c1cc(C(C)(C)C)c(NC(=O)c2c[nH]c3ccccc3c2=O)cc1O,IVACAFTOR
2D & 3D combined,CHEMBL1108,0.085,O=C(CCCN1CC=C(n2c(=O)[nH]c3ccccc32)CC1)c1ccc(F)cc1,DROPERIDOL
2D & 3D combined,CHEMBL685,0.084,COC(=O)Nc1nc2cc(C(=O)c3ccccc3)ccc2[nH]1,MEBENDAZOLE
2D & 3D combined,CHEMBL1200348,0.082,Clc1ccc(CSC(Cn2ccnc2)c2ccc(Cl)cc2Cl)cc1,SULCONAZOLE NITRATE
2D & 3D combined,CHEMBL94,0.082,CNC(=O)Oc1ccc2c(c1)[C@]1(C)CCN(C)[C@@H]1N2C,PHYSOSTIGMINE
2D & 3D combined,CHEMBL249856,0.081,CSc1ccc(C(=O)c2[nH]c(=O)[nH]c2C)cc1,ENOXIMONE
2D & 3D combined,CHEMBL3989958,0.08,N#Cc1ccnc(N2C(=O)CC[C@H]2C(=O)N(c2cncc(F)c2)[C@H](C(=O)NC2CC(F)(F)C2)c2ccccc2Cl)c1,IVOSIDENIB
2D & 3D combined,CHEMBL416146,0.079,Cc1ccc(-c2ncc(Cl)cc2-c2ccc(S(C)(=O)=O)cc2)cn1,ETORICOXIB
2D & 3D combined,CHEMBL2043437,0.078,CN1CC[C@@H](NC(=O)Nc2ccc(C#N)cc2)C[C@@H]1c1nc2ccccc2[nH]1,GLASDEGIB
2D & 3D combined,CHEMBL157138,0.076,CCN(CC)C(=O)N[C@H]1C=C2c3cccc4[nH]cc(c34)C[C@H]2N(C)C1,LISURIDE
2D & 3D combined,CHEMBL119,0.074,COc1cc(NCc2ccc3nc(N)nc(N)c3c2C)cc(OC)c1OC,TRIMETREXATE
2D & 3D combined,CHEMBL2218878,0.074,O=C(O)[C@H]1O[C@H](O)[C@H](O)[C@@H](O)[C@@H]1O,TRIMETREXATE GLUCURONATE
2D & 3D combined,CHEMBL3391662,0.071,Cc1cnc(C(=O)N[C@H]2CCCCC/C=C\[C@@H]3C[C@@]3(C(=O)NS(=O)(=O)C3CC3)NC(=O)[C@@H]3C[C@@H](Oc4nc5ccccc5c5ccccc45)CN3C2=O)cn1,PARITAPREVIR
2D & 3D combined,CHEMBL288441,0.068,COc1cc(Nc2c(C#N)cnc3cc(OCCCN4CCN(C)CC4)c(OC)cc23)c(Cl)cc1Cl,BOSUTINIB
2D & 3D combined,CHEMBL1073,0.068,Cc1cnc(C(=O)NCCc2ccc(S(=O)(=O)NC(=O)NC3CCCCC3)cc2)cn1,GLIPIZIDE
2D & 3D combined,CHEMBL1287853,0.066,Cc1cnc(Nc2ccc(OCCN3CCCC3)cc2)nc1Nc1cccc(S(=O)(=O)NC(C)(C)C)c1,FEDRATINIB
2D & 3D combined,CHEMBL998,0.066,CCOC(=O)N1CCC(=C2c3ccc(Cl)cc3CCc3cccnc32)CC1,LORATADINE
2D & 3D combined,CHEMBL1571863,0.062,Clc1ccc(C(Cn2ccnc2)OCc2c(Cl)cccc2Cl)c(Cl)c1,ISOCONAZOLE
2D & 3D combined,CHEMBL639,0.061,CN1CCCC(n2nc(Cc3ccc(Cl)cc3)c3ccccc3c2=O)CC1,AZELASTINE
2D & 3D combined,CHEMBL71752,0.06,CCOC(=O)C1=C[C@]2(CC)CCCN3CCc4c(n1c1ccccc41)[C@@H]32,VINPOCETINE
2D & 3D combined,CHEMBL934,0.06,CC(C)(C(=O)c1cccnc1)c1cccnc1,METYRAPONE
2D & 3D combined,CHEMBL284906,0.059,O=C(NCCO[N+](=O)[O-])c1cccnc1,NICORANDIL
2D & 3D combined,CHEMBL1559,0.058,Clc1ccc(COC(Cn2ccnc2)c2ccc(Cl)cc2Cl)c(Cl)c1,MICONAZOLE NITRATE
2D & 3D combined,CHEMBL808,0.058,Clc1ccc(COC(Cn2ccnc2)c2ccc(Cl)cc2Cl)cc1,ECONAZOLE
2D & 3D combined,CHEMBL608533,0.058,CO[C@@H]1[C@H](N(C)C(=O)c2ccccc2)C[C@H]2O[C@]1(C)n1c3ccccc3c3c4c(c5c6ccccc6n2c5c31)C(=O)NC4,MIDOSTAURIN
2D & 3D combined,CHEMBL3039504,0.057,COC(=O)c1ccc2c(c1)NC(=O)/C2=C(\Nc1ccc(N(C)C(=O)CN2CCN(C)CC2)cc1)c1ccccc1,NINTEDANIB ESYLATE
2D & 3D combined,CHEMBL1472,0.056,NC(=O)[C@@H]1CCCN1C(=O)[C@H](Cc1c[nH]cn1)NC(=O)[C@@H]1CCC(=O)N1,PROTIRELIN
2D & 3D combined,CHEMBL861,0.054,CCC1(c2ccccc2)NC(=O)N(C)C1=O,MEPHENYTOIN
2D & 3D combined,CHEMBL1697737,0.054,CCc1cc2c(s1)N(C)C(=O)CN=C2c1ccccc1Cl,CLOTIAZEPAM
2D & 3D combined,CHEMBL2105717,0.054,COc1cc2nccc(Oc3ccc(NC(=O)C4(C(=O)Nc5ccc(F)cc5)CC4)cc3)c2cc1OC,CABOZANTINIB
2D & 3D combined,CHEMBL2107825,0.053,CC(C)OC(=O)[C@H](C)N[P@](=O)(CO[C@H](C)Cn1cnc2c(N)ncnc21)Oc1ccccc1,TENOFOVIR ALAFENAMIDE
2D & 3D combined,CHEMBL1220,0.052,CCS(=O)(=O)CCn1c([N+](=O)[O-])cnc1C,TINIDAZOLE
2D & 3D combined,CHEMBL2105756,0.051,COc1cc2nccc(Oc3ccc(NC(=O)Nc4cc(C)on4)c(Cl)c3)c2cc1OC,TIVOZANIB HYDROCHLORIDE
2D & 3D combined,CHEMBL1200725,0.051,Clc1ccc(C(Cn2ccnc2)OCc2csc3c(Cl)cccc23)c(Cl)c1,SERTACONAZOLE NITRATE
2D & 3D combined,CHEMBL2105719,0.051,COc1cc2ncnc(Nc3ccc(F)c(Cl)c3)c2cc1NC(=O)/C=C/CN1CCCCC1,DACOMITINIB
2D & 3D combined,CHEMBL1423,0.051,O=c1[nH]c2ccccc2n1C1CCN(CCCC(c2ccc(F)cc2)c2ccc(F)cc2)CC1,PIMOZIDE
2D & 3D combined,CHEMBL493,0.051,CC(C)C[C@H]1C(=O)N2CCC[C@H]2[C@]2(O)O[C@](NC(=O)[C@@H]3C=C4c5cccc6[nH]c(Br)c(c56)C[C@H]4N(C)C3)(C(C)C)C(=O)N12,BROMOCRIPTINE
2D & 3D combined,CHEMBL1095,0.051,CCN1C(=O)NC(c2ccccc2)C1=O,ETHOTOIN
2D & 3D combined,CHEMBL475534,0.051,CCOC(=O)C1=C(C)NC(C)=C(C(=O)OC)C1c1cccc([N+](=O)[O-])c1,NITRENDIPINE
2D & 3D combined,CHEMBL409153,0.05,C[C@@H](c1nc(-c2ccc(C#N)cc2)cs1)[C@](O)(Cn1cncn1)c1cc(F)ccc1F,ISAVUCONAZOLE
2D & 3D combined,CHEMBL1200935,0.05,NC(=O)C(c1ccccc1)(c1ccccc1)[C@@H]1CCN(CCc2ccc3c(c2)CCO3)C1,DARIFENACIN HYDROBROMIDE
2D & 3D combined,CHEMBL476,0.049,CN(C)/N=N/c1[nH]cnc1C(N)=O,DACARBAZINE
2D & 3D combined,CHEMBL117785,0.049,COc1cc2c(cc1OC)C1CC(=O)C(CC(C)C)CN1CC2,TETRABENAZINE
2D & 3D combined,CHEMBL1201772,0.049,CC(=O)Oc1cc2c(s1)CCN(C(C(=O)C1CC1)c1ccccc1F)C2,PRASUGREL
2D & 3D combined,CHEMBL231813,0.049,CCC[C@H](NC(=O)[C@@H]1[C@H]2CCC[C@H]2CN1C(=O)[C@@H](NC(=O)[C@@H](NC(=O)c1cnccn1)C1CCCCC1)C(C)(C)C)C(=O)C(=O)NC1CC1,TELAPREVIR
2D & 3D combined,CHEMBL221959,0.049,C[C@@H]1CCN(C(=O)CC#N)C[C@@H]1N(C)c1ncnc2[nH]ccc12,TOFACITINIB
2D & 3D combined,CHEMBL1200965,0.049,CCOC(=O)OC(C)OC(=O)[C@@H]1N2C(=O)[C@@H](NC(=O)[C@H](N)c3ccccc3)[C@H]2SC1(C)C,BACAMPICILLIN HYDROCHLORIDE
2D & 3D combined,CHEMBL1532,0.048,CCC1NC(=O)c2cc(S(N)(=O)=O)c(Cl)cc2N1,QUINETHAZONE
2D & 3D combined,CHEMBL3137326,0.048,[2H]C([2H])([2H])Oc1cc2c(cc1OC([2H])([2H])[2H])C1CC(=O)C(CC(C)C)CN1CC2,DEUTETRABENAZINE
2D & 3D combined,CHEMBL1269025,0.048,CN1CCc2nc(C(=O)N[C@@H]3C[C@@H](C(=O)N(C)C)CC[C@@H]3NC(=O)C(=O)Nc3ccc(Cl)cn3)sc2C1,EDOXABAN
2D & 3D combined,CHEMBL1218,0.048,CCC(=O)NCC[C@@H]1CCc2ccc3c(c21)CCO3,RAMELTEON
2D & 3D combined,CHEMBL2106988,0.047,CC(=O)OCOC(=O)[C@@H]1N2C(=O)[C@@H](NC(=O)Cc3ccccc3)[C@H]2SC1(C)C,PENAMECILLIN
2D & 3D combined,CHEMBL1115,0.046,CN(C)C(=O)Oc1ccc[n+](C)c1,PYRIDOSTIGMINE
2D & 3D combined,CHEMBL254857,0.045,O=C(COc1ccc(Cl)cc1)N1CCN(Cc2ccc3c(c2)OCO3)CC1,FIPEXIDE
2D & 3D combined,CHEMBL976,0.045,O=C(C1CCCCC1)N1CC(=O)N2CCc3ccccc3C2C1,PRAZIQUANTEL
2D & 3D combined,CHEMBL42,0.045,CN1CCN(C2=Nc3cc(Cl)ccc3Nc3ccccc32)CC1,CLOZAPINE
2D & 3D combined,CHEMBL1021,0.044,NC(=O)Cc1cccc(C(=O)c2ccccc2)c1N,NEPAFENAC
2D & 3D combined,CHEMBL2103822,0.044,CCC(=O)NC[C@@H]1C[C@H]1c1cccc2c1CCO2,TASIMELTEON
2D & 3D combined,CHEMBL87992,0.044,CC(=O)O[C@H]1Cc2ccccc2N(C(N)=O)c2ccccc21,ESLICARBAZEPINE ACETATE
2D & 3D combined,CHEMBL527,0.043,CN1C(C(=O)Nc2ccccn2)=C(O)c2ccccc2S1(=O)=O,PIROXICAM
2D & 3D combined,CHEMBL1648,0.043,COC(=O)C1=C(C)NC(C)=C(C(=O)OC(C)C)C1c1cccc2nonc12,ISRADIPINE
2D & 3D combined,CHEMBL831,0.042,CN1CCN(C2=Nc3ccccc3Oc3ccc(Cl)cc32)CC1,LOXAPINE
2D & 3D combined,CHEMBL2104356,0.042,CC1=CC(=O)N2CC(=O)N(C)c3ccc(Cl)cc3C2(c2ccccc2)O1,KETAZOLAM
2D & 3D combined,CHEMBL1726,0.041,COC(=O)C1=C(C)NC(C)=C(C(=O)OCC(C)C)C1c1ccccc1[N+](=O)[O-],NISOLDIPINE
2D & 3D combined,CHEMBL848,0.041,Nc1cccc2c1CN(C1CCC(=O)NC1=O)C2=O,LENALIDOMIDE
2D & 3D combined,CHEMBL304902,0.04,CN1CCN(C2=Nc3ccccc3Sc3ccc(Cl)cc32)CC1,CLOTHIAPINE
2D & 3D combined,CHEMBL1200821,0.04,CCCOC(=O)Cn1cc(I)c(=O)c(I)c1,PROPYLIODONE
2D & 3D combined,CHEMBL1628504,0.04,Cc1cc(/C=C/C#N)cc(C)c1Nc1ccnc(Nc2ccc(C#N)cc2)n1,RILPIVIRINE HYDROCHLORIDE
2D & 3D combined,CHEMBL1200910,0.039,CC(=O)N(c1onc(C)c1C)S(=O)(=O)c1ccc(N)cc1,SULFISOXAZOLE ACETYL
2D & 3D combined,CHEMBL12,0.039,CN1C(=O)CN=C(c2ccccc2)c2cc(Cl)ccc21,DIAZEPAM
2D & 3D combined,CHEMBL19236,0.039,COc1nc(C)nc(Cl)c1NC1=NCCN1,MOXONIDINE
2D & 3D combined,CHEMBL1200440,0.039,Cc1cccc(C)c1NC(=O)C1CCCCN1C,MEPIVACAINE HYDROCHLORIDE
2D & 3D combined,CHEMBL2218896,0.039,CCCCCCC(C)(C)c1cc(O)c2c(c1)OC(C)(C)C1CCC(=O)CC21,NABILONE
2D & 3D combined,CHEMBL49,0.039,O=C1CC2(CCCC2)CC(=O)N1CCCCN1CCN(c2ncccn2)CC1,BUSPIRONE
2D & 3D combined,CHEMBL878,0.038,Cc1ccccc1N1C(=O)c2cc(S(N)(=O)=O)c(Cl)cc2NC1C,METOLAZONE
2D & 3D combined,CHEMBL127516,0.038,CCCCOC(=O)c1ccc(N)cc1,BUTAMBEN
2D & 3D combined,CHEMBL93,0.038,CC(c1cc2ccccc2s1)N(O)C(N)=O,ZILEUTON
2D & 3D combined,CHEMBL599,0.038,Cc1cnc(NC(=O)C2=C(O)c3ccccc3S(=O)(=O)N2C)s1,MELOXICAM
2D & 3D combined,CHEMBL511,0.038,COc1ccc(CN(CCN(C)C)c2ccccn2)cc1,PYRILAMINE
2D & 3D combined,CHEMBL43452,0.038,Nc1cccc2c1C(=O)N(C1CCC(=O)NC1=O)C2=O,POMALIDOMIDE
2D & 3D combined,CHEMBL1237132,0.038,CCCC(=O)OCOC(=O)C1=C(C)NC(C)=C(C(=O)OC)C1c1cccc(Cl)c1Cl,CLEVIDIPINE
2D & 3D combined,CHEMBL1005,0.038,CCC(=O)N(c1ccccc1)C1(C(=O)OC)CCN(CCC(=O)OC)CC1,REMIFENTANIL
2D & 3D combined,CHEMBL1148,0.037,Cc1cccc(Nc2ccncc2S(=O)(=O)NC(=O)NC(C)C)c1,TORSEMIDE
2D & 3D combined,CHEMBL2105345,0.037,CCCOC(=O)Cc1ccc(OCC(=O)N(CC)CC)c(OC)c1,PROPANIDID
2D & 3D combined,CHEMBL1259,0.036,COc1ccc2cc1Oc1cc3c(cc1OC)CC[N+](C)(C)[C@H]3Cc1ccc(cc1)Oc1c(OC)c(OC)cc3c1[C@@H](C2)[N+](C)(C)CC3,METOCURINE
2D & 3D combined,CHEMBL969,0.035,O=C1CN=C(c2ccccc2)c2cc(Cl)ccc2N1CC1CC1,PRAZEPAM
2D & 3D combined,CHEMBL2107062,0.035,CCC(C(=O)NC(N)=O)c1ccccc1,PHENETURIDE
2D & 3D combined,CHEMBL94394,0.035,CCCCOc1ccc(CC(=O)NO)cc1,BUFEXAMAC
2D & 3D combined,CHEMBL302795,0.035,CN1C(C(=O)Nc2ccccn2)=C(O)c2sccc2S1(=O)=O,TENOXICAM
2D & 3D combined,CHEMBL1201039,0.035,NS(=O)(=O)c1cc2c(cc1Cl)N=C(CSCc1ccccc1)NS2(=O)=O,BENZTHIAZIDE
2D & 3D combined,CHEMBL544428,0.034,CN1CCN2c3ccccc3Cc3ccccc3C2C1,MIANSERIN HYDROCHLORIDE
2D & 3D combined,CHEMBL3039526,0.034,CN1CCC(C(=O)c2cccc(NC(=O)c3c(F)cc(F)cc3F)n2)CC1,LASMIDITAN SUCCINATE
2D & 3D combined,CHEMBL817,0.034,Cc1ccc(S(=O)(=O)NC(=O)NN2CCCCCC2)cc1,TOLAZAMIDE
2D & 3D combined,CHEMBL1200714,0.034,CN1C(=O)CCS(=O)(=O)C1c1ccc(Cl)cc1,CHLORMEZANONE
2D & 3D combined,CHEMBL832,0.034,O=C1C(CC[S+]([O-])c2ccccc2)C(=O)N(c2ccccc2)N1c1ccccc1,SULFINPYRAZONE
2D & 3D combined,CHEMBL2105527,0.034,CN1C(=O)CN=C(C2=CCCCC2)c2cc(Cl)ccc21,TETRAZEPAM
2D & 3D combined,CHEMBL1200761,0.033,COc1ccc(C(Cl)=C(c2ccc(OC)cc2)c2ccc(OC)cc2)cc1,CHLOROTRIANISENE
2D & 3D combined,CHEMBL529437,0.033,COC(=O)[C@H]1[C@@H](OC(=O)c2ccccc2)C[C@@H]2CC[C@H]1N2C,COCAINE HYDROCHLORIDE
2D & 3D combined,CHEMBL122,0.033,CS(=O)(=O)c1ccc(C2=C(c3ccccc3)C(=O)OC2)cc1,ROFECOXIB
2D & 3D combined,CHEMBL452,0.033,O=C1CN=C(c2ccccc2Cl)c2cc([N+](=O)[O-])ccc2N1,CLONAZEPAM
2D & 3D combined,CHEMBL427216,0.033,Cc1ccc(S(=O)(=O)NC(=O)NN2CC3CCCC3C2)cc1,GLICLAZIDE
2D & 3D combined,CHEMBL672,0.033,CC(C)OC(=O)C(C)(C)Oc1ccc(C(=O)c2ccc(Cl)cc2)cc1,FENOFIBRATE
2D & 3D combined,CHEMBL488,0.033,CCC1(c2ccc(N)cc2)CCC(=O)NC1=O,AMINOGLUTETHIMIDE
2D & 3D combined,CHEMBL1998966,0.033,C/C(=N\O)c1ccc(OCC(=O)N2CCCCC2)cc1,PIFOXIME
2D & 3D combined,CHEMBL3544974,0.032,CN1CC2c3ccccc3Oc3ccc(Cl)cc3C2C1,ASENAPINE MALEATE
2D & 3D combined,CHEMBL2448613,0.032,CC(C)COc1ccc(CNC(=O)N(Cc2ccc(F)cc2)C2CCN(C)CC2)cc1,PIMAVANSERIN TARTRATE
2D & 3D combined,CHEMBL715,0.032,Cc1cc2c(s1)Nc1ccccc1N=C2N1CCN(C)CC1,OLANZAPINE
2D & 3D combined,CHEMBL2105972,0.032,CC[N+](C)(C)CCC(C(N)=O)(c1ccccc1)c1ccccc1,AMBUTONIUM BROMIDE
2D & 3D combined,CHEMBL1200338,0.032,CC(N/C(=N\C#N)Nc1ccncc1)C(C)(C)C,PINACIDIL
2D & 3D combined,CHEMBL3183184,0.032,CCCCC(CC)COC(=O)C=Cc1ccc(OC)cc1,OCTINOXATE
2D & 3D combined,CHEMBL3989821,0.032,COc1cc2c3cc1Oc1cc(ccc1O)C[C@@H]1c4c(cc(OC)c(O)c4Oc4ccc(cc4)C[C@@H]3N(C)CC2)CC[N+]1(C)C,TUBOCURARINE CHLORIDE
2D & 3D combined,CHEMBL13280,0.032,CN1C(=O)CN=C(c2ccccc2F)c2cc([N+](=O)[O-])ccc21,FLUNITRAZEPAM
2D & 3D combined,CHEMBL3989517,0.031,COC(=O)[C@H]1[C@@H](c2ccc([123I])cc2)C[C@@H]2CC[C@H]1N2CCCF,IOFLUPANE I 123
2D & 3D combined,CHEMBL2105689,0.031,N#C/C(=C1/SC[C@@H](c2ccc(Cl)cc2Cl)S1)n1ccnc1,LULICONAZOLE
2D & 3D combined,CHEMBL193,0.031,COC(=O)C1=C(C)NC(C)=C(C(=O)OC)C1c1ccccc1[N+](=O)[O-],NIFEDIPINE
2D & 3D combined,CHEMBL244888,0.031,O=C(N/N=C/c1ccc([N+](=O)[O-])o1)c1ccc(O)cc1,NIFUROXAZIDE
2D & 3D combined,CHEMBL1945778,0.031,COC(=O)[C@H]1[C@@H](c2ccc(I)cc2)C[C@@H]2CC[C@H]1N2CCCF,IOFLUPANE
2D & 3D combined,CHEMBL13209,0.03,O=C1CN=C(c2ccccc2)c2cc([N+](=O)[O-])ccc2N1,NITRAZEPAM
2D & 3D combined,CHEMBL2106638,0.03,CN(CCCN1c2ccccc2CCc2ccccc21)CC(=O)c1ccc(Cl)cc1,LOFEPRAMINE HYDROCHLORIDE
2D & 3D combined,CHEMBL16,0.03,O=C1NC(=O)C(c2ccccc2)(c2ccccc2)N1,PHENYTOIN
2D & 3D combined,CHEMBL1611,0.03,O=C1N=C([O-])NC1(c1ccccc1)c1ccccc1,PHENYTOIN SODIUM
2D & 3D combined,CHEMBL2105131,0.03,CN(CC1(C)CCCO1)S(=O)(=O)c1ccc(Cl)c(S(N)(=O)=O)c1,MEFRUSIDE
2D & 3D combined,CHEMBL1480,0.03,CCOC(=O)C1=C(C)NC(C)=C(C(=O)OC)C1c1cccc(Cl)c1Cl,FELODIPINE
2D & 3D combined,CHEMBL16073,0.029,CCOc1ccc(NC(C)=O)cc1,PHENACETIN
2D & 3D combined,CHEMBL1513,0.029,CCCCC1=NC2(CCCC2)C(=O)N1Cc1ccc(-c2ccccc2-c2nnn[nH]2)cc1,IRBESARTAN
2D & 3D combined,CHEMBL18,0.028,CCOc1ccc2nc(S(N)(=O)=O)sc2c1,ETHOXZOLAMIDE
2D & 3D combined,CHEMBL1200432,0.028,CCOC(=O)[C@@](C)(N)Cc1ccc(O)c(O)c1,METHYLDOPATE HYDROCHLORIDE
2D & 3D combined,CHEMBL10878,0.028,COc1ccc2cccc(CCNC(C)=O)c2c1,AGOMELATINE
2D & 3D combined,CHEMBL1078261,0.028,CCCOC(C(=O)OC1CCN(C)CC1)(c1ccccc1)c1ccccc1,PROPIVERINE
2D & 3D combined,CHEMBL562,0.028,COC1=CC(=O)C[C@@H](C)[C@]12Oc1c(Cl)c(OC)cc(OC)c1C2=O,GRISEOFULVIN
2D & 3D combined,CHEMBL1401367,0.028,CC[N+]1(C)CCCC(OC(=O)C(O)(c2ccccc2)c2ccccc2)C1,PIPENZOLATE BROMIDE
2D & 3D combined,CHEMBL1200541,0.028,CC[N+](CC)(CCNC(=O)C(=O)NCC[N+](CC)(CC)Cc1ccccc1Cl)Cc1ccccc1Cl,AMBENONIUM CHLORIDE
2D & 3D combined,CHEMBL468,0.028,O=C1CCC(N2C(=O)c3ccccc3C2=O)C(=O)N1,THALIDOMIDE
2D & 3D combined,CHEMBL1228,0.027,CCCCC1C(=O)N(c2ccccc2)N(c2ccc(O)cc2)C1=O,OXYPHENBUTAZONE ANHYDROUS
2D & 3D combined,CHEMBL524004,0.027,C[N+]1(C)CCCC(OC(=O)C(O)(c2ccccc2)c2ccccc2)C1,MEPENZOLATE
2D & 3D combined,CHEMBL1200868,0.027,Nc1ccc(C(=O)Oc2ccccc2)c(O)c1,PHENYL AMINOSALICYLATE
2D & 3D combined,CHEMBL1200759,0.027,O=C1CN2Cc3c(ccc(Cl)c3Cl)N=C2N1,ANAGRELIDE HYDROCHLORIDE
2D & 3D combined,CHEMBL833,0.027,Clc1ccccc1CN1CCc2sccc2C1,TICLOPIDINE
2D & 3D combined,CHEMBL1094,0.027,NC(=O)OCC(COC(N)=O)c1ccccc1,FELBAMATE
2D & 3D combined,CHEMBL1322884,0.027,CC(C)=CC1C(C(=O)OCc2cccc(Oc3ccccc3)c2)C1(C)C,PHENOTHRIN
2D & 3D combined,CHEMBL1068,0.027,NC(=O)N1c2ccccc2CC(=O)c2ccccc21,OXCARBAZEPINE
2D & 3D combined,CHEMBL1589,0.027,CC(=O)c1ccc(S(=O)(=O)NC(=O)NC2CCCCC2)cc1,ACETOHEXAMIDE
2D & 3D combined,CHEMBL92401,0.026,CC(C)NNC(=O)c1ccncc1,IPRONIAZID
2D & 3D combined,CHEMBL904,0.026,COC(=O)[C@H](c1ccccc1)[C@H]1CCCCN1,DEXMETHYLPHENIDATE HYDROCHLORIDE
2D & 3D combined,CHEMBL460291,0.026,CCOC(=O)C1=C(C)NC(C)=C(C(=O)OCC)C1c1ccccc1/C=C/C(=O)OC(C)(C)C,LACIDIPINE
2D & 3D combined,CHEMBL1079604,0.026,Cc1cc(C)cc(OCC2CNC(=O)O2)c1,METAXALONE
2D & 3D combined,CHEMBL1323699,0.026,CCCCC(CC)COC(=O)c1ccc(N(C)C)cc1,PADIMATE O
2D & 3D combined,CHEMBL3306803,0.026,CN1CCN2c3c(cccc31)[C@@H]1CN(CCCC(=O)c3ccc(F)cc3)CC[C@@H]12,LUMATEPERONE
2D & 3D combined,CHEMBL92870,0.026,Cc1cccc(C)c1NC(=O)CN1CCN(CCCC(c2ccc(F)cc2)c2ccc(F)cc2)CC1,LIDOFLAZINE
2D & 3D combined,CHEMBL1237021,0.026,O=C1[C@@H]2[C@H]3CC[C@H](C3)[C@@H]2C(=O)N1C[C@@H]1CCCC[C@H]1CN1CCN(c2nsc3ccccc23)CC1,LURASIDONE
2D & 3D combined,CHEMBL21869,0.026,O=C(Nc1ccc(Br)cc1)c1cc(Br)ccc1O,DIBROMSALAN
2D & 3D combined,CHEMBL218490,0.026,CCN[C@H]1C[C@H](C)S(=O)(=O)c2sc(S(N)(=O)=O)cc21,DORZOLAMIDE
2D & 3D combined,CHEMBL967,0.026,CN1C(=O)C(O)N=C(c2ccccc2)c2cc(Cl)ccc21,TEMAZEPAM
2D & 3D combined,CHEMBL796,0.026,COC(=O)C(c1ccccc1)C1CCCCN1,METHYLPHENIDATE
2D & 3D combined,CHEMBL22097,0.025,CN1C(=O)C(O)N=C(c2ccccc2Cl)c2cc(Cl)ccc21,LORMETAZEPAM
2D & 3D combined,CHEMBL70418,0.025,CN1C(=O)CC(=O)N(c2ccccc2)c2cc(Cl)ccc21,CLOBAZAM
2D & 3D combined,CHEMBL742,0.025,CNC1(c2ccccc2Cl)CCCCC1=O,KETAMINE
2D & 3D combined,CHEMBL395091,0.025,CN[C@]1(c2ccccc2Cl)CCCCC1=O,ESKETAMINE
2D & 3D combined,CHEMBL1200874,0.025,CCCCNC(=O)[N-]S(=O)(=O)c1ccc(C)cc1,"TOLBUTAMIDE SODIUM, STERILE"
2D & 3D combined,CHEMBL3989824,0.025,CN1CCN(CC/C=C2/c3ccccc3Sc3ccc(S(=O)(=O)N(C)C)cc32)CC1,THIOTHIXENE HYDROCHLORIDE
2D & 3D combined,CHEMBL782,0.025,CCCCNC(=O)NS(=O)(=O)c1ccc(C)cc1,TOLBUTAMIDE
2D & 3D combined,CHEMBL1200347,0.025,CC(C)[N+](C)(CCC(C(N)=O)(c1ccccc1)c1ccccc1)C(C)C,ISOPROPAMIDE IODIDE
2D & 3D combined,CHEMBL1874750,0.025,COc1cc(/C=C/C(=O)N2CCN(CC(=O)N3CCCC3)CC2)cc(OC)c1OC,CINEPAZIDE
2D & 3D combined,CHEMBL1200988,0.025,CC[N+](C)(CC)CCOC(=O)C1c2ccccc2Oc2ccccc21,METHANTHELINE BROMIDE
2D & 3D combined,CHEMBL1102,0.024,CCC1(c2ccccc2)CCC(=O)NC1=O,GLUTETHIMIDE
2D & 3D combined,CHEMBL3989724,0.024,CCN(CC)CCN1C(=O)CN=C(c2ccccc2F)c2cc(Cl)ccc21,FLURAZEPAM HYDROCHLORIDE
2D & 3D combined,CHEMBL41355,0.024,CCOC(=O)Nc1ccc(NCc2ccc(F)cc2)cc1N,EZOGABINE
2D & 3D combined,CHEMBL1577,0.024,CN1C(CCl)Nc2cc(Cl)c(S(N)(=O)=O)cc2S1(=O)=O,METHYCLOTHIAZIDE
2D & 3D combined,CHEMBL1480987,0.024,CC1CC(OC(=O)C(O)c2ccccc2)CC(C)(C)C1,CYCLANDELATE
2D & 3D combined,CHEMBL1189679,0.024,O=C1c2cccc3c2[C@H](CCC3)CN1[C@@H]1CN2CCC1CC2,PALONOSETRON
2D & 3D combined,CHEMBL1908307,0.024,Cn1cc([S+](C)[O-])c(=O)c2ccc(F)cc21,FLOSEQUINAN
2D & 3D combined,CHEMBL918,0.024,NC(=O)NC(=O)Cc1ccccc1,PHENACEMIDE
2D & 3D combined,CHEMBL1697686,0.024,CCOC(=O)NC(C)(C)Cc1ccc(Cl)cc1,CLOFOREX
2D & 3D combined,CHEMBL1195,0.024,CCCOc1cc(N)ccc1C(=O)OCCN(CC)CC,PROPOXYCAINE
2D & 3D combined,CHEMBL4297067,0.024,O=C1C=CC2C(=C1)Oc1cc(O)ccc1C21OC(=O)c2ccccc21,FLUORESCEIN
2D & 3D combined,CHEMBL290916,0.023,CC1=NN(c2ccccc2)C(=O)C1,EDARAVONE
2D & 3D combined,CHEMBL278172,0.023,CCOC(=O)c1ccc(N)cc1,BENZOCAINE
2D & 3D combined,CHEMBL101,0.023,CCCCC1C(=O)N(c2ccccc2)N(c2ccccc2)C1=O,PHENYLBUTAZONE
2D & 3D combined,CHEMBL46516,0.022,O=C1NCN(c2ccccc2)C12CCN(CCCC(c1ccc(F)cc1)c1ccc(F)cc1)CC2,FLUSPIRILENE
2D & 3D combined,CHEMBL328190,0.022,Oc1ccc2c(c1)CC[C@H](c1ccccc1)[C@@H]2c1ccc(OCCN2CCCC2)cc1,LASOFOXIFENE
2D & 3D combined,CHEMBL856,0.022,CCC1(c2ccccc2)C(=O)NCNC1=O,PRIMIDONE
2D & 3D combined,CHEMBL498,0.022,CCCNC(=O)NS(=O)(=O)c1ccc(Cl)cc1,CHLORPROPAMIDE
2D & 3D combined,CHEMBL552659,0.022,Fc1ccc(C(c2ccc(F)cc2)N2CCN(C/C=C/c3ccccc3)CC2)cc1,FLUNARIZINE HYDROCHLORIDE
2D & 3D combined,CHEMBL1229908,0.022,CCN(CC)C(=O)c1ccc(O)c(OC)c1,ETHAMIVAN
2D & 3D combined,CHEMBL1070,0.021,COc1ccc2cc(CCC(C)=O)ccc2c1,NABUMETONE
2D & 3D combined,CHEMBL1314751,0.021,CN1CCN(CCCN2c3ccccc3Sc3ccc(Cl)cc32)CC1,PROCHLORPERAZINE MALEATE
2D & 3D combined,CHEMBL1722209,0.021,Cc1ccc(O)c([C@H](CCN(C(C)C)C(C)C)c2ccccc2)c1,TOLTERODINE TARTRATE
2D & 3D combined,CHEMBL203266,0.021,COc1ccc(CN2CCNCC2)c(OC)c1OC,TRIMETAZIDINE
2D & 3D combined,CHEMBL1525,0.021,CC1(C)C(C=C(Cl)Cl)C1C(=O)OCc1cccc(Oc2ccccc2)c1,PERMETHRIN
2D & 3D combined,CHEMBL1240,0.021,CC(C)[N+](C)(CCOC(=O)C1c2ccccc2Oc2ccccc21)C(C)C,PROPANTHELINE BROMIDE
2D & 3D combined,CHEMBL1452696,0.021,CC(C)=CCC1C(=O)N(c2ccccc2)N(c2ccccc2)C1=O,FEPRAZONE
2D & 3D combined,CHEMBL53292,0.02,Cc1cc(NC(=O)C2=C(O)c3ccccc3S(=O)(=O)N2C)no1,ISOXICAM
2D & 3D combined,CHEMBL697,0.02,CN1C(=O)CC(C)(c2ccccc2)C1=O,METHSUXIMIDE
2D & 3D combined,CHEMBL1477036,0.02,CCCCC(CC)COC(=O)CC(C(=O)OCC(CC)CCCC)S(=O)(=O)O,DOCUSATE
2D & 3D combined,CHEMBL1905872,0.02,CCCCC(CC)COC(=O)CC(C(=O)OCC(CC)CCCC)S(=O)(=O)[O-],DOCUSATE SODIUM
2D & 3D combined,CHEMBL218394,0.019,CC(C)(C)NC(=O)N[C@H](C(=O)N1C[C@H]2[C@@H]([C@H]1C(=O)NC(CC1CCC1)C(=O)C(N)=O)C2(C)C)C(C)(C)C,BOCEPREVIR
2D & 3D combined,CHEMBL2104793,0.019,CCCC(C(=O)c1ccc(C)cc1)N1CCCC1,PYROVALERONE HYDROCHLORIDE
2D & 3D combined,CHEMBL1075,0.019,CCOC(=O)Nc1ccc2c(c1)N(C(=O)CCN1CCOCC1)c1ccccc1S2,MORICIZINE
2D & 3D combined,CHEMBL98,0.019,O=C(CCCCCCC(=O)Nc1ccccc1)NO,VORINOSTAT
2D & 3D combined,CHEMBL447,0.019,C=CCC1(C(C)CCC)C(=O)NC(=O)NC1=O,SECOBARBITAL
2D & 3D combined,CHEMBL1200903,0.019,C=CCC1(C(C)CCC)C(=O)[N-]C(=O)NC1=O,SECOBARBITAL SODIUM
2D & 3D combined,CHEMBL30219,0.019,C=CCC1(C(C)C#CCC)C(=O)N=C([O-])N(C)C1=O,METHOHEXITAL SODIUM
2D & 3D combined,CHEMBL7413,0.019,C=CCC1(C(C)C#CCC)C(=O)NC(=O)N(C)C1=O,METHOHEXITAL
2D & 3D combined,CHEMBL865,0.018,Cc1onc(-c2ccccc2)c1-c1ccc(S(N)(=O)=O)cc1,VALDECOXIB
2D & 3D combined,CHEMBL1479848,0.018,CC(=O)Oc1cc(C)c(OC(C)=O)c2ccccc12,ACETOMENAPHTHONE
2D & 3D combined,CHEMBL64195,0.018,O=C(CCCl)NCc1ccccc1,BECLAMIDE
2D & 3D combined,CHEMBL607400,0.017,CCC[C@@H]1CC(=O)N([C@@H](CC)C(N)=O)C1,BRIVARACETAM
2D & 3D combined,CHEMBL1170,0.017,CCC(=O)O[C@H]1CC[C@H]2[C@@H]3CCC4=CC(=O)CC[C@]4(C)[C@H]3CC[C@]12C,TESTOSTERONE PROPIONATE
2D & 3D combined,CHEMBL3989944,0.017,COC(=O)/C=C/C(=O)OCCN1C(=O)CCC1=O,DIROXIMEL FUMARATE
2D & 3D combined,CHEMBL1200412,0.017,C[C@]12CC[C@H]3[C@@H](CCC4=CC(=O)CC[C@@H]43)[C@@H]1CC[C@@H]2OC(=O)CCc1ccccc1,NANDROLONE PHENPROPIONATE
2D & 3D combined,CHEMBL141305,0.017,CC(=O)Oc1ccc(C(=C2CCCCC2)c2ccc(OC(C)=O)cc2)cc1,CYCLOFENIL
2D & 3D combined,CHEMBL1488,0.017,Oc1ncc(N(CCCl)CCCl)c(O)n1,URACIL MUSTARD
2D & 3D combined,CHEMBL514,0.017,O=NN(CCCl)C(=O)NC1CCCCC1,LOMUSTINE
